status;decimalLongitude;decimalLatitude;wc2.1_30s_bio_1;wc2.1_30s_bio_10;wc2.1_30s_bio_11;wc2.1_30s_bio_12;wc2.1_30s_bio_13;wc2.1_30s_bio_14;wc2.1_30s_bio_15;wc2.1_30s_bio_16;wc2.1_30s_bio_17;wc2.1_30s_bio_18;wc2.1_30s_bio_19;wc2.1_30s_bio_2;wc2.1_30s_bio_3;wc2.1_30s_bio_4;wc2.1_30s_bio_5;wc2.1_30s_bio_6;wc2.1_30s_bio_7;wc2.1_30s_bio_8;wc2.1_30s_bio_9
N;66,975901;39,654266;14,10416698;25,55000114;2,783333302;400;77;1;75,74172974;193;9;12;150;12,74166679;33,88740921;915,5784912;34,40000153;-3,200000048;37,60000229;8,666666985;23,86666679
N;68,872833;40,946944;14,41666698;26,51666641;1,983333349;336;51;1;68,39892578;144;8;9;137;12,3166666;31,66238213;986,6986694;35,40000153;-3,5;38,90000153;8,933333397;24,64999962
N;69,45272086;41,41197869;13,6208334;25,21666718;1,733333349;525;75;4;62,62875366;213;19;25;197;12,52500057;32,6171875;941,4120483;34,40000153;-4;38,40000153;8,116666794;23,73333359
N;69,5156919;42,9778154;13,0625;26,85000038;-0,949999988;301;47;2;59,7183876;121;12;17;102;12,74166679;29,22400665;1119,916992;36,20000076;-7,400000095;43,60000229;13,28333282;25,51666641
N;69,622419;42,302651;13,35416698;25,86666679;0,566666722;481;72;3;61,1517601;190;18;24;168;12,95833302;31,76062202;1014,863281;34,79999924;-6;40,79999924;7,783333302;24,5
N;69,71443261;42,36238501;13,0041666;25,46666718;0,166666701;491;74;4;59,68514633;192;21;27;168;12,875;31,71182251;1015,129761;34,40000153;-6,199999809;40,60000229;13,1833334;24,36666679
N;69,81851764;33,8063911;14,03333282;24,04999924;3;585;101;14;54,07897949;245;56;160;131;13,46666718;37,200737;853,7200317;30,89999962;-5,300000191;36,20000076;8,516666412;9,850000381
N;69,820139;41,1755;10,55416679;21,81666756;-1,083333373;655;100;6;57,83362579;258;33;43;220;12,0583334;32,32797241;922,4632568;30,89999962;-6,400000095;37,29999924;4,700000286;20,75
N;69,89576887;42,04603559;11,77083302;23,18333435;0,150000021;709;105;6;58,31705475;273;34;42;237;12,39166641;32,7821846;926,4557495;32,20000076;-5,599999905;37,79999924;11,41666698;22,36666679
N;69,957075;41,634562;12,10833359;23,75;0,100000024;670;97;4;60,61778259;262;27;35;240;11,9333334;31,48636627;950,1670532;32,70000076;-5,199999809;37,90000153;6,233333588;22,66666603
N;70,06824897;41,548884;8,679166794;20;-2,816666603;803;118;9;56,55513763;305;44;55;273;11,50833321;31,27264595;925,4567871;28,89999962;-7,900000095;36,79999924;2,549999952;19,14999962
N;70,3673152;39,0214751;11,29583359;22,88333321;-1,733333349;705;117;7;64,45786285;332;35;60;213;12,0583334;31,07817841;989,4407349;31,79999924;-7;38,79999924;11,51666641;22,26666641
N;70,43690063;21,53145619;26,64583397;29,96666718;21,98333359;809;355;0;161,7843933;666;2;466;2;11,27499962;51,01809692;319,3562927;35,70000076;13,60000038;22,10000038;28,04999924;23,21666718
N;70,444444;38,116389;12,6291666;24,81666756;-0,216666654;694;134;2;76,00270081;339;16;31;239;11,60833359;29,61309433;1002,239441;33,40000153;-5,800000191;39,20000076;6,466666698;23,81666756
N;70,5624327;21,17887612;26,03333282;29,05000114;21,95000076;845;372;0;162,1244202;698;1;500;1;10,95000076;52,89855194;281,87146;34,5;13,80000019;20,70000076;28,16666794;23,04999924
N;70,80061389;22,27719722;26,52916718;30,58333397;20,98333359;595;260;1;157,4376221;476;4;91;4;12,3083334;48,26797485;383,7580872;37,29999924;11,80000019;25,5;29,33333397;20,98333359
N;71,44793456;33,974232;22,92916679;32,41666794;12,36666679;527;91;14;57,28604126;212;58;154;112;13,35833359;36,79981613;822,5858765;40,79999924;4,5;36,29999924;18;18,16666603
N;71,453325;40,883135;14,27916718;26,53333282;1;171;23;2;51,56655121;67;9;14;59;11,34166622;29,45887375;1033,883789;34,70000076;-3,799999952;38,5;8,983333588;24,64999962
N;71,793907;40,369736;14,02083302;26,01666641;1,066666722;185;26;3;47,71377182;72;13;18;59;11,75833321;30,30498123;1005,610291;34,40000153;-4,400000095;38,80000305;8,800000191;24,38333321
N;72,025;38,669722;4,449999809;16,13333321;-8,383333206;237;35;3;51,00761032;102;20;20;66;12,08333302;30,43660927;1015,099609;25,29999924;-14,39999962;39,69999695;3,5;16,13333321
N;72,17185423;21,77723742;27,35833359;31,75;21,70000076;594;190;1;138,6974182;454;3;111;3;12,34999943;45,74073792;396,2600098;39;12;27;28,83333206;21,70000076
N;72,43672103;22,95197769;27,05416679;32,51666641;20,70000076;754;260;1;150,7751312;617;4;110;6;13,77500057;45,3125;461,7233276;41,5;11,10000038;30,39999962;28,68333244;22,66666603
N;72,55622484;23,02838109;27,44166756;32,53333282;21,43333435;771;268;1;151,3671417;631;4;113;6;12,78333282;45,33096695;434,5521851;40,70000076;12,5;28,20000076;28,95000076;23,41666794
N;72,733912;21,125858;27,20000076;30,56666565;22,96666718;1140;418;0;149,3699951;925;3;230;4;11,61666679;50,50724792;295,8423767;36,79999924;13,80000019;23;28,83333206;27,14999962
N;72,80787;40,515228;11,6875;23,70000076;-1,700000048;345;46;13;38,96643066;134;43;56;88;12,6916666;30,95528412;1023,792236;32,5;-8,5;41;12,55000019;22,41666603
N;72,8345458;18,938506;27,25833321;29,21666718;24,83333397;1998;677;1;141,0631866;1567;3;490;5;7,850000381;54,51389313;172,4006042;33;18,60000038;14,39999962;27,93333435;25,26666641
N;72,854802;19,254825;26,95000076;29,35000038;24,08333397;2057;747;1;146,0766602;1643;4;470;5;9,166666031;53,29457092;202,9218445;33,90000153;16,70000076;17,20000076;27,81666565;24,85000038
N;72,86150314;19,04758556;27,53750038;29,66666603;24,98333359;2074;727;1;143,4378052;1641;3;487;5;9,091666222;56,12139893;182,0480042;34,09999847;17,89999962;16,19999886;28,23333359;25,56666565
N;72,877481;21,315291;27,05416679;30,66666603;22,61666679;1093;410;0;150,5213013;869;2;186;2;12,49166584;51,19535446;312,2241211;37,29999924;12,89999962;24,39999962;28,78333282;24,13333321
N;72,959962;19,1727;27,22916794;29,58333397;24,43333435;2460;928;1;149,9487915;1993;3;506;4;9,258333206;54,14229965;198,3850708;34,20000076;17,10000038;17,10000038;27,98333359;25,20000076
N;72,98455;19,266046;27,38333321;30,01666641;24,48333359;2493;958;1;151,514328;2027;3;493;4;10;53,76343918;211,2767944;35,20000076;16,60000038;18,60000038;28,16666603;25,41666794
N;73,13149195;19,21768804;27,67916679;30,53333473;24,73333359;2892;1147;1;155,1842651;2378;3;525;3;10,79166698;53,95833588;221,7539673;36,5;16,5;20;28,38333321;25,76666641
N;73,181219;22,307159;27,48333359;32,15000153;22,14999962;858;324;0;153,8078613;724;3;102;5;12,83333302;47,1813736;390,3339844;40;12,80000019;27,20000076;28,64999962;27,33333397
N;73,1894468;18,8982423;27,46666718;30,26666641;24,73333359;3586;1423;0;156,7194214;2967;2;629;3;10,25;53,66492081;212,0284729;36;16,89999962;19,10000038;28,06666756;25,75
N;73,21967864;19,30354104;27,52916718;30,81666565;24,36666679;2971;1201;1;157,0804443;2437;3;492;3;11,47500038;52,15909576;248,4264679;37,59999847;15,60000038;21,99999809;28,28333282;25,64999962
N;73,246605;18,996963;25,71666718;28,5;23,04999924;5086;2082;2;162,8311462;4283;6;768;8;10,14999962;52,86458588;211,2337494;34,59999847;15,39999962;19,19999886;26,14999962;24,19999886
N;73,388553;18,701228;23,70833397;26,5;21,28333282;4044;1711;1;163,6844177;3373;5;572;9;10,51666737;52,58333588;210,3658447;33,5;13,5;20;23,78333282;22,58333397
N;73,431622;18,94950297;26,92499924;30,08333397;23,91666603;3489;1406;0;158,1520996;2876;2;556;3;10,86666679;52,24359512;237,4916229;36,59999847;15,80000019;20,79999924;27,58333397;25,14999962
N;73,528138;19,164305;24,4375;27,66666603;21,33333397;3109;1268;1;158,6992493;2538;4;451;7;11,02499962;51,27907181;247,4793396;34,59999847;13,10000038;21,49999809;25;22,81666756
N;73,72045138;15,70803652;27,09583282;28,81666565;25,88333321;3196;1074;0;146,2934265;2646;0;94;9;8,691666603;60,7808876;127,0014114;33,5;19,20000076;14,29999924;26,71666718;26,36666679
N;73,72848144;24,36238458;26,09583282;32,1166687;19,38333321;596;198;1;144,4492035;495;6;71;6;12,67500019;42,25;495,7201538;40,40000153;10,39999962;30,00000191;27,58333397;19,38333321
N;73,74644223;20,59366848;24,47500038;28,60000038;20,69999886;1485;514;0;145,3273773;1189;4;206;6;12,69999886;50,19762802;309,7176208;36,79999924;11,5;25,29999924;24,39999962;22,5
N;73,755876;18,366304;21,76666641;25,39999962;19,46666718;2572;1025;1;149,7492065;2011;8;80;54;11,25;51,36986542;245,0077362;33,5;11,60000038;21,89999962;21,21666718;21,41666603
N;73,75726766;24,46935383;24,84166718;30,81666756;18,16666603;665;214;2;143,8428192;545;8;84;8;12,19999981;41,49659729;491,1528015;38,79999924;9,399999619;29,39999962;26,26666641;18,16666603
N;73,770682;18,649178;24,71666718;28,26666641;21,35000038;989;328;0;123,0323486;665;3;197;7;12,70000076;52,69709778;273,390625;36,5;12,39999962;24,10000038;25,29999924;23,10000038
N;73,778361;20,007463;24,70416641;28,58333397;20,81666756;1049;334;0;129,836853;776;4;169;7;12,77500057;51,51209641;302,4179688;36,40000153;11,60000038;24,80000114;24,88333321;22,56666756
N;73,81774878;18,51878425;24,49166679;28,08333397;21,23333359;902;284;0;117,0290298;583;3;190;7;12,38333321;51,81310654;273,984375;36,40000153;12,5;23,90000153;25;23,06666565
N;73,889999;18,6;24,8125;28,53333282;21,36666679;715;191;0;104,8121414;425;3;167;7;12,97500038;52,31855011;284,8693848;37;12,19999981;24,79999924;24,64999962;23,21666718
N;73,95183381;15,52211537;27,25833321;29,11666679;26,03333282;3122;1063;0;145,2317505;2575;1;94;11;8,600000381;59,72221756;132,2675171;33,90000153;19,5;14,40000153;26,79999924;26,61666679
N;74,018261;17,6804639;24,34583282;27,80000114;21,86666679;752;224;0;108,0263214;455;3;63;38;11,69166756;53,63149643;243,0437775;35,70000076;13,89999962;21,80000114;23,35000038;23,66666603
N;74,37130183;15,90722107;22,42499924;25,26666641;21;3046;1323;0;158,0879822;2498;12;163;58;10,5666666;55,61404037;182,2273712;32,59999847;13,60000038;18,99999809;21,48333359;22,63333321
N;74,44793422;24,10355955;26,57083321;32,90000153;19,79999924;682;217;1;149,2811584;589;5;64;5;13,34166622;42,89925003;507,5764771;41,70000076;10,60000038;31,10000038;27,95000076;19,79999924
N;74,5112212;42,92539501;10,79583359;23,14999962;-2,283333302;415;67;10;47,16957474;168;42;57;95;12,72500038;30,81113625;1022,886841;31,70000076;-9,600000381;41,30000305;11,35000038;21,73333359
N;74,6289172;42,8851954;11,21249962;23,60000038;-1,566666722;429;71;11;48,05175018;176;44;61;96;12,54166698;30,73937988;1014,060486;32,09999847;-8,699999809;40,79999924;11,61666679;22,14999962
N;74,74373627;19,12210083;25,19166756;29,53333282;21,25;504;138;1;102,0224228;288;5;111;36;13,4333334;51,07731628;329,6405029;38,59999847;12,30000019;26,29999924;25,03333282;23,53333282
N;74,94304103;42,80016186;10,70416641;23,11666679;-2,316666603;423;69;13;47,8548584;177;50;68;84;12,82499981;30,97826004;1023,355591;31,70000076;-9,699999809;41,40000153;11,23333359;21,68333435
N;75,28271042;31,89673395;22,85833359;30,96666718;12,9333334;815;238;6;119,895256;586;42;301;87;13,05000019;37,93605042;741,1257935;39,09999847;4,699999809;34,39999771;28,78333282;18,39999962
N;75,312611;19,900241;25,77916718;30,63333321;21,48333359;717;164;2;111,6281204;470;9;150;35;13,40833378;49,29534149;363,6460571;39,70000076;12,5;27,20000076;25,36666679;24,16666603
N;75,385399;15,969223;25,10833359;28,16666603;23,08333397;781;146;1;86,23773193;397;11;120;39;10,75;56,57894516;202,6397705;35,40000153;16,39999962;19,00000191;24,10000038;25,13333321
N;75,46844521;30,31595969;23,91666603;32;13,85000038;504;149;3;124,0054626;386;28;186;42;13,71666718;39,64354706;745,4325562;40,20000076;5,599999905;34,60000229;29,83333397;26,20000076
N;75,54377921;20,98963022;27,59583282;33,16666794;22,85000038;788;223;1;127,8633881;566;7;151;26;13,79166698;48,22261047;401,9919739;42,20000076;13,60000038;28,60000038;27,45000076;28,86666679
N;75,62891667;13,733175;24,02916718;27,11666679;22,16666603;1245;396;1;111,4186935;775;12;158;50;9,758333206;53,61721802;201,3528748;34,09999847;15,89999962;18,19999886;23,13333321;24,33333397
N;75,711055;12,439506;20,75;22,96666718;19,48333359;3360;1151;2;133,9029541;2553;18;242;2269;8,366666794;56,91609955;146,8765869;28,89999962;14,19999981;14,69999981;19,53333282;20,16666603
N;75,73743135;18,99670339;26,45000076;31,26666641;22,20000076;726;194;3;113,131691;484;11;140;30;13,3166666;49,5043335;359,0960693;40,40000153;13,5;26,90000153;25,96666718;25,08333397
N;75,7845976;23,2217171;25,38749886;31,46666718;19,35000038;888;273;2;137,9105225;704;8;120;14;14,12499905;45,41800308;469,1439209;41;9,899999619;31,10000038;26,26666641;25,51666641
N;75,83918169;25,23378169;26,45416641;33,75;18,13333321;728;257;3;157,2788086;623;10;71;13;12,50833321;38,25178528;616,7932739;42,70000076;10;32,70000076;28,93333244;25,35000038
N;75,84514306;11,80665417;22,625;24,71666718;21,51666641;3673;1319;4;131,8425293;2730;36;301;2359;8,216666222;59,97567368;135,6214294;29,89999962;16,20000076;13,69999886;21,53333282;23,01666641
N;75,85483896;21,05008922;27,27499962;32,98333359;22,28333282;745;207;2;125,5572052;526;9;148;25;13;46,26334763;416,9396057;41,59999847;13,5;28,09999847;27,31666565;28,45000076
N;75,919063;12,422009;22,84583282;25,54999924;21,48333359;1782;589;1;116,13694;1166;14;229;1027;9,574999809;56,99404907;176,9881439;32,09999847;15,30000019;16,79999924;21,64999962;22,08333206
N;76,312334;10,028671;27,60000038;29,29999924;26,45000076;3168;716;9;94,10894775;1825;64;501;1825;7,433333397;67,57575989;113,9178162;33,5;22,5;11;26,45000076;28,16666603
N;76,38863381;21,451563;26,98749924;33,1166687;21,81666565;887;249;2;130,4169922;669;10;145;30;13,24166679;45,03968048;439,9335022;42,20000076;12,80000019;29,40000153;26,86666679;28,26666641
N;76,41474397;14,23424497;25,22916603;28,68333244;22,85000038;539;118;0;85,62390137;272;4;115;34;10,75833321;54,88945389;230,0835571;36;16,39999962;19,60000038;24,31666565;25,64999962
N;76,54666604;12,29442819;24,26250076;26,98333359;22,63333321;718;156;2;83,28684998;306;17;214;65;10,70833397;60,49905777;178,1231232;33,90000153;16,20000076;17,70000076;23,5;24,85000038
N;76,61118677;12,22862122;24,51666641;27,26666641;22,81666756;718;155;2;82,92327118;308;18;213;67;10,78333282;60,58052063;181,2749481;34,20000076;16,39999962;17,80000114;23,76666641;25,10000038
N;76,7994916;43,1715683;8,300000191;21,13333321;-5,466666698;494;81;22;44,2386055;201;78;109;78;10,83333302;26,8817215;1083,124634;28,5;-11,80000019;40,29999924;14,94999981;-5,466666698
N;76,816838;43,26429997;9,487500191;22,91666603;-4,849999905;504;81;23;44,71146393;202;77;97;90;11,70833302;27,4843502;1127,66272;30,79999924;-11,80000019;42,59999847;10;21,63333321
N;76,95583183;11,01682444;26,29166603;28,53333282;24,70000076;893;184;8;68,93975067;381;32;173;179;10,39999962;64,99999237;149,3293152;34,90000153;18,89999962;16,00000191;25,70000076;26,39999962
N;76,968264;43,262083;9,487500191;22,54999924;-4,166666508;538;87;25;45,40387344;218;83;104;94;11,24166679;27,68883324;1087,754395;30,10000038;-10,5;40,59999847;9,800000191;21,29999924
N;76,9714061;43,0575742;-1,616666794;9,350000381;-13,0666666;485;77;10;60,45830917;222;38;213;38;10,5;29,66101837;932,8776245;16,29999924;-19,10000038;35,40000153;7,216666698;-13,0666666
N;77,07174717;43,418005;9,462499619;23,04999924;-5,349999905;464;71;21;42,33947754;182;72;90;84;12,17500019;27,67045403;1149,167969;31,20000076;-12,80000019;44;10;21,83333397
N;77,07309722;43,32049444;9,370833397;22,68333435;-4,916666985;494;78;23;43,45734787;197;78;98;86;11,52499962;27,37529564;1120,925903;30,5;-11,60000038;42,09999847;16,26666641;21,51666641
N;77,24494167;28,60311389;25,11666679;32,45000076;15,75;733;238;5;135,2121277;577;32;272;40;12,60000038;39,13043213;684,3289185;39,90000153;7,699999809;32,20000076;30,05000114;16,79999924
N;77,30852723;12,96090627;24,26250076;27,39999962;21,71666718;776;167;1;88,80651093;438;6;130;59;10,625;55,92105103;217,9566803;34,5;15,5;19;23,66666794;24,23333359
N;77,38643602;28,51617196;25,02083397;32,54999924;15,58333302;761;242;5;135,9151611;606;30;276;40;13,49166679;40,15377045;693,7561035;40,70000076;7,099999905;33,60000229;29,91666603;28,03333282
N;77,41365;12,793825;24,73333359;27,76666641;22,20000076;781;172;1;87,37683105;428;9;142;64;10,85000038;56,80627823;213,1829529;34,90000153;15,80000019;19,10000229;24,23333359;24,58333397
N;77,4415806;12,9206072;24,45000076;27,53333282;21,85000038;802;169;1;87,59656525;445;7;134;64;10,84999943;56,21761322;217,8928223;34,70000076;15,39999962;19,30000114;23,93333435;24,28333282
N;77,46290833;23,21628606;25,85416603;32,31666565;19,78333282;1166;386;2;148,6694489;980;14;106;33;12,99166679;42,87678909;488,4598083;41,59999847;11,30000019;30,29999924;26,54999924;26,41666794
N;77,49012653;13,05473221;24,11249924;27,21666718;21,46666718;810;166;1;87,58570862;451;7;128;64;10,6916666;55,6857605;220,5584564;34,40000153;15,19999981;19,20000076;23,63333321;23,88333321
N;77,5300912;12,878924;23,90833282;26,93333435;21,38333321;812;170;2;86,51901245;448;10;136;71;10,60000038;56,08465958;212,6011505;34;15,10000038;18,89999962;23,39999962;23,73333359
N;77,54196927;13,31295104;23,99583435;27,20000076;21,18333435;751;160;1;87,71640015;416;6;116;60;10,99166679;54,95833206;230,9511719;34,70000076;14,69999981;20;23,5;23,66666603
N;77,56932505;13,19101185;23,79583359;26,93333244;21;775;162;1;87,39724731;429;6;121;63;10,875;55,20304871;227,8202972;34,29999924;14,60000038;19,69999886;23,36666679;23,43333244
N;77,57807097;13,09353708;23,80416679;26,86666679;21,06666565;796;164;1;87,164505;440;7;126;66;10,54166698;55,19197083;222,2964935;33,90000153;14,80000019;19,10000229;23,41666603;23,41666794
N;77,586168;14,349169;27,60416603;31,19999886;24,18333244;536;124;1;90,36580658;304;8;84;37;11,375;53,90995026;273,433197;38,70000076;17,60000038;21,10000038;27,11666679;26,91666603
N;77,62788498;12,94161249;24,01666641;26,96666718;21,36666679;811;168;2;85,99517822;443;11;135;73;10,44999981;55,88234711;215,0828094;33,90000153;15,19999981;18,70000076;23,70000076;23,56666756
N;77,65656531;12,84386186;23,67916679;26,63333321;21,03333282;800;169;2;85,49240112;434;11;139;76;10,79166603;56,20660019;214,7245483;33,79999924;14,60000038;19,19999886;23,31666565;23,33333397
N;77,657025;12,656007;23,44166756;26,39999962;20,81666565;764;174;2;85,3420105;406;11;147;81;10,76666737;56,07638931;214,251709;33,70000076;14,5;19,20000076;23;23,16666603
N;77,681433;13,369479;21,91250038;24,95000076;19,20000076;712;154;1;87,92723846;398;5;113;69;10,50833321;55,01745605;220,5893402;32,09999847;13;19,09999847;21,48333359;21,56666565
N;77,7184638;12,9654796;23,80416679;26,73333359;21,01666641;784;165;2;85,63782501;424;11;132;73;10,49166679;55,2192955;220,7060852;33,70000076;14,69999981;19;23,58333397;23,19999886
N;77,73539925;13,06024586;23,87083244;26,88333321;21,01666641;764;162;2;86,25164795;415;10;125;71;10,89166641;55,56972885;226,6099701;34,09999847;14,5;19,59999847;23,54999924;23,31666565
N;77,76983667;12,85660333;23,86666679;26,83333206;21,04999924;779;168;2;85,17578125;418;12;137;77;10,94999981;56,44329834;222,8873901;34;14,60000038;19,39999962;23,56666565;23,36666679
N;77,82529201;12,74090596;24,16250038;27,06666565;21,36666679;776;172;3;83,83643341;408;14;143;84;11,00833321;56,74398804;220,156189;34,29999924;14,89999962;19,39999962;23,88333321;23,63333321
N;78,18066828;11,68740519;27,82916641;30,35000038;25,13333321;916;196;8;76,1371994;455;27;197;154;10,79166698;62,02106857;205,342926;36,70000076;19,29999924;17,40000153;27,70000076;27,06666565
N;78,22953732;17,41307244;26,20416641;30,85000038;21,98333359;839;200;1;114,9803619;583;8;150;18;12,3083334;47,89234924;349,6196594;39,5;13,80000019;25,70000076;25,85000038;22,68333244
N;78,3660097;12,7889309;25,17083359;28,04999924;21,98333359;680;153;3;82,35321045;355;15;145;96;11,00833321;57,33507156;238,2555847;34,79999924;15,60000038;19,19999886;25,21666718;24,08333397
N;78,40029493;17,43029265;26,40416718;30,95000076;22,26666641;793;186;2;110,5272827;533;10;147;22;11,35833263;47,13001251;342,0623169;39;14,89999962;24,10000038;26,04999924;22,93333244
N;78,44544667;17,52267092;26,48750114;31,13333321;22,25;815;195;2;112,5653763;556;10;147;21;11,79166698;47,35609055;349,2922974;39,40000153;14,5;24,90000153;26,18333435;22,91666794
N;78,480408;43,939532;10,69583321;24,13333321;-2,516666651;337;43;18;31,04813576;121;60;85;60;13,375;31,25;1085,533936;33,5;-9,300000191;42,79999924;16,83333397;-2,516666651
N;78,518585;17,450297;26,54583359;31,06666756;22,38333321;774;179;2;108,3226395;511;11;147;23;11,24166584;47,03626251;340,9176025;39;15,10000038;23,89999962;26,29999924;23
N;78,5696942;17,34957591;26,83333397;31,43333435;22,58333397;736;165;2;105,1446762;474;12;146;24;11,78333282;47,70580292;347,1201782;39,59999847;14,89999962;24,69999886;26,58333397;23,25
N;78,60032653;20,74645042;27,32083321;33,51666641;22,01666641;1095;311;9;126,7151947;789;31;201;31;12,97499943;43,54026794;447,7999878;43,29999924;13,5;29,79999924;27,18333244;22,01666641
N;79,01500661;21,16165761;26,84166718;33;21,43333435;1079;297;9;121,9374542;756;32;212;34;13,01666641;43,53400421;450,7258301;42,5;12,60000038;29,89999962;27,03333282;21,73333359
N;79,01715573;20,25262762;27,55833244;33,81666565;22,10000038;1235;369;5;132,1858521;931;17;203;17;13,15000057;42,97385788;454,2518005;43,59999847;13;30,59999847;27,53333282;22,10000038
N;79,081561;43,350666;10,375;22,95000076;-1,833333373;366;49;15;37,62334061;140;50;109;50;13,1833334;31,92090416;1005,420532;32;-9,300000191;41,29999924;16,23333359;-1,833333373
N;79,12431497;21,08990897;27,25833321;33,26666641;21,86666679;1139;323;9;124,6198959;817;32;210;33;12,4333334;43,17129898;444,2758789;42,29999924;13,5;28,79999924;27,54999924;22,11666679
N;79,145179;18,423823;27,6875;32,78333282;23,13333321;909;233;7;113,1023865;613;23;173;34;11,29166698;43,93644714;374,5611267;41;15,30000019;25,70000076;27,54999924;23,66666603
N;79,3622432;20,3966416;26,92083359;33,21666718;21,28333282;1308;406;5;136,5084686;1021;17;190;17;12,27500057;41,32996368;462,9130249;42,40000153;12,69999981;29,70000076;27,13333321;21,28333282
N;79,45160855;28,38160643;25,10000038;31,66666603;16,29999924;1097;329;3;131,161026;835;35;429;50;12,63333321;39,60292816;635,7565308;40,09999847;8,199999809;31,89999771;29,28333282;17,13333321
N;79,45561169;13,65391008;28,1875;31,86666679;24,18333435;904;182;4;77,47772217;449;21;139;249;9,641666412;49,192173;305,6299438;38,40000153;18,79999924;19,60000229;27,16666603;26,04999924
N;79,5517715;17,99178423;27,72083282;32,66666794;23,25;953;245;5;111,3497391;629;20;187;34;11,17500019;44,16996002;364,4638672;40,90000153;15,60000038;25,30000114;27,63333321;23,85000038
N;79,6075;29,83805556;16,90416718;22,18333244;9,833333015;1752;472;10;105,2195053;1105;115;752;168;10,24166679;41,13119125;516,5772705;29;4,099999905;24,89999962;20,88333321;10,66666698
N;79,78307903;28,97422275;24,63333321;30,81666756;16,21666718;1537;480;4;130,9139862;1142;49;688;73;12,0666666;40,08859253;604,9580688;39,20000076;9,100000381;30,10000038;28,68333435;23,11666679
N;79,952676;6,601634;27,07916641;27,86666679;26,39999962;2933;425;100;46,00674438;1031;362;882;674;5,908333302;66,38577271;57,97563934;31,39999962;22,5;8,899999619;26,73333359;26,93333244
N;80,00554003;20,18268014;27,20000076;33,40000153;21,64999962;1468;472;2;145,7264252;1192;10;186;10;12,35000038;41,4429512;455,7311707;42,5;12,69999981;29,79999924;27,43333244;21,64999962
N;80,09234704;26,8669068;25,5;32,43333435;16,66666603;918;305;2;135,1281433;710;21;331;42;13,14999962;39,72809601;648,5858765;41,29999924;8,199999809;33,09999847;29,33333397;24,21666718
N;80,16023275;17,24985108;28,47500038;33,03333282;24,21666718;1017;262;3;108,2969513;652;14;213;32;11,03333378;46,16457748;339,5552063;40,79999924;16,89999962;23,89999962;28,58333206;24,78333282
N;80,45505043;22,3440187;24,71666718;31,30000114;18,35000038;1461;490;4;144,7657928;1177;35;170;35;12,60000038;40,64516068;509,974762;40,70000076;9,699999809;31;26,03333282;18,35000038
N;80,611513;22,3345132;23,85000038;30,18333435;17,63333321;1448;476;4;143,2914124;1168;35;160;35;12,23333263;40,64229965;496,4556274;39,20000076;9,100000381;30,10000038;25,25;17,63333321
N;80,65679169;22,14333916;24,39999962;30,73333359;18,29999924;1447;481;3;143,1639099;1167;34;162;34;12,36666679;40,94922638;488,9367065;39,90000153;9,699999809;30,20000076;25,56666756;18,29999924
N;81,05654403;16,70042263;28,30833244;32,23333359;24,68333244;1028;225;1;99,97969055;591;12;193;56;9,399999619;47,23617935;295,0873108;38,70000076;18,79999924;19,90000153;28,85000038;26,29999924
N;81,22123718;22,01312727;26,3125;32,78333282;20,31666565;1107;322;3;129,4066467;831;26;160;26;12,875;41,53225708;487,9694824;42,5;11,5;31;27,10000038;20,31666565
N;81,3061472;21,17746771;26,83333397;32,88333511;21,20000076;1251;374;2;131,5476379;942;14;205;14;11,86666679;40,91954041;456,276123;41,90000153;12,89999962;29,00000191;27,35000038;21,20000076
N;81,324136;43,916823;8,908333778;22,95000076;-7,949999809;259;30;15;23,38976479;84;51;67;56;13,30000019;27,65072823;1253,841064;31,5;-16,60000038;48,09999847;17,64999962;-5,083333492
N;81,36991;20,263846;25,92499924;31,98333359;20,41666603;1368;401;5;126,6393814;1003;17;238;17;11,71666718;40,542099;448,9913025;40,70000076;11,80000019;28,90000153;26,21666718;20,41666603
N;81,44047156;21,21596727;26,88750076;32,96666718;21,25;1269;386;2;132,7323761;955;13;212;13;12,3083334;41,44219971;457,0464478;42,29999924;12,60000038;29,69999886;27,31666756;21,25
N;81,48876909;19,96201608;24,75416756;30,35000038;19,54999924;1358;374;6;121,4566345;968;23;252;23;12,00833321;42,58274078;418,5117798;38,90000153;10,69999981;28,20000076;25,03333282;19,54999924
N;81,50323297;16,55018497;28,03333282;31,53333282;24,61666679;1083;242;2;103,4358521;587;14;182;25;8,233332634;47,04761505;273,6315918;37,29999924;19,79999924;17,5;28,86666679;25,85000038
N;81,62765278;17,12214722;28,14583397;31,81666756;24,56666565;1219;298;2;103,3385315;732;17;244;43;9,574999809;48,35858154;282,8624878;38,20000076;18,39999962;19,80000114;28,66666603;24,70000076
N;81,67079654;20,78037241;26,27916718;32,21666718;20,83333206;1220;370;3;133,4181824;928;9;195;9;11,79166603;40,52119064;443,0753174;41;11,89999962;29,10000038;26,70000076;20,83333206
N;81,681535;21,284774;26,80416679;32,91666794;21,11666679;1322;414;2;136,2016602;1004;13;219;13;12,27500057;41,05351257;460,7181091;42,29999924;12,39999962;29,89999962;27,26666641;21,11666679
N;81,68514367;19,5979826;24,80833435;30,05000114;19,79999924;1409;371;6;120,3442993;995;26;273;28;11,9333334;43,55231094;397,5426636;38,40000153;11;27,40000153;25,10000038;20,20000076
N;81,714723;16,925266;28;31,45000076;24,60000038;1146;266;2;101,3219833;652;18;224;18;8,88333416;48,27898407;268,6752014;37,40000153;19;18,40000153;28,64999962;24,60000038
N;81,71805573;20,89305496;26,40833282;32,34999847;20,88333321;1242;391;3;135,0484924;946;10;199;10;11,8166666;40,74712753;446,0525513;41,09999847;12,10000038;28,99999809;26,85000038;20,88333321
N;81,734025;25,446192;26,02916718;32,76666641;17,43333244;925;287;4;136,0436554;733;23;103;37;12,59166622;38,74358749;620,8734741;41,29999924;8,800000191;32,5;29,41666794;29,93333244
N;81,81503434;21,40622125;26,73333359;33;20,96666718;1281;411;2;137,9046478;979;12;207;12;12,16666698;40,42081833;469,6871643;42,5;12,39999962;30,10000038;27,23333359;20,96666718
N;82,012061;26,424847;25,37083244;31,75;16,79999924;1005;328;3;138,9738312;801;19;109;35;12,75833321;39,86979294;615,7126465;40,29999924;8,300000191;32;29,11666679;24,14999962
N;82,01831695;19,08539223;25,19166756;29,86666679;20,46666718;1465;399;5;122,1988297;1038;19;283;32;11,88333416;45,70512772;364,6906128;37,70000076;11,69999981;26;25,5;20,91666603
N;82,1409152;22,0796545;27,00416756;33,26666641;21,11666679;1259;384;2;136,0956116;965;21;191;21;11,79166603;40,52119064;474,6647644;42,20000076;13,10000038;29,10000038;27,83333397;21,11666679
N;82,39483774;21,76709301;27,125;33,66666794;21,18333435;1245;388;2;138,6351166;956;15;198;15;11,9333334;39,77777863;485,3700562;43;13;30;27,70000076;21,18333435
N;82,56343;21,69281167;27,24166679;33,73333359;21,36666679;1249;389;2;138,9435425;960;16;196;16;11,98333359;40,21252823;480,5623474;42,90000153;13,10000038;29,80000114;27,78333282;21,36666679
N;82,56654356;18,883543;24,72083282;28,96666718;20,36666679;1529;401;7;116,3506927;1048;21;310;41;10,625;45,21276855;332,4937439;35,79999924;12,30000019;23,5;25,10000038;20,78333282
N;82,58309354;19,83137236;26,67499924;32,09999847;21,41666603;1317;354;5;123,314743;934;23;262;25;11,16666603;41,66666794;413,6066284;40,09999847;13,30000019;26,79999924;27,04999924;21,86666679
N;82,60141142;18,59913654;23,21249962;27,35000038;19,04999924;1481;370;6;108,7863464;970;19;309;45;10,60833263;46,32460022;320,1712952;34,29999924;11,39999962;22,89999962;23,46666718;19,48333359
N;82,6432294;19,91366137;27;32,41666794;21,76666641;1286;346;4;124,0326004;914;22;256;23;11,61666679;42,39659119;412,1837463;40,70000076;13,30000019;27,40000153;27,38333321;22,18333435
N;83,02663419;25,27079961;26,45000076;32,70000076;18,16666603;1044;326;4;139,2834778;839;23;116;35;11,66666603;38,12636185;591,4235229;40,70000076;10,10000038;30,60000038;29,70000076;25,86666679
N;83,32475281;21,81722258;27,11249924;33,59999847;21,33333397;1335;399;3;134,6742706;1030;18;200;18;11,77500057;39,51342392;476,5888367;42,70000076;12,89999962;29,80000114;27,53333282;21,33333397
N;83,347711;17,750248;27,5625;30,61666679;23,96666718;978;246;6;94,8170166;566;25;185;25;7,391666412;45,62756729;268,0834961;34,90000153;18,70000076;16,20000076;28,31666565;23,96666718
N;83,49485689;21,85742358;26,95833397;33,40000153;21,08333397;1379;403;3;132,9235382;1052;19;215;19;11,38333321;39,11798477;479,5302124;42,09999847;13;29,09999847;27,5;21,08333397
N;83,56359504;25,93842064;25,86249924;31,94999886;17,70000076;1128;346;4;133,895401;872;25;158;32;12,0583334;39,66556931;582,4678345;40,09999847;9,699999809;30,39999771;29,23333359;25,04999924
N;84,06517334;24,05342449;25,875;32,20000076;18,28333282;1060;300;4;126,3761597;791;28;160;39;11,88333321;38,96175003;560,8577271;40,79999924;10,30000019;30,5;28,64999962;18,79999924
N;84,13609296;22,88307535;23,25;29,06666756;17,08333397;1498;427;5;124,2754745;1060;31;300;50;11,30000019;40,3571434;477,6885681;37,29999924;9,300000191;28;26,25;17,11666679
N;84,73073997;19,19078878;27,07083321;30,01666641;23;1204;265;6;94,64365387;669;35;208;89;8,274999619;46,22904968;293,8031006;34,29999924;16,39999962;17,89999962;28,36666679;23,04999924
N;85,33843861;23,37921028;23,99583244;29,48333359;17,78333282;1397;354;6;114,4163208;949;35;271;53;10,75833321;40,44486237;465,180603;37;10,39999962;26,60000038;25,78333282;17,93333244
N;85,35900693;27,72538568;18,48750114;23,78333282;11,38333321;1626;409;7;109,2580338;1071;35;1071;47;12,17500019;47,93307114;512,2815552;28,70000076;3,299999952;25,40000153;23,78333282;12,3166666
N;85,51969338;20,44802839;26,98333359;30,93333244;22,20000076;1474;332;6;99,57165527;893;42;317;56;9,933333397;44,34523773;351,2531433;37;14,60000038;22,39999962;28,35000038;22,26666641
N;85,60275197;20,65925897;26,84166718;30,98333359;21,85000038;1467;328;6;99,47799683;894;42;313;53;9,766666412;43,21534348;367,2615662;37,09999847;14,5;22,59999847;28,29999924;21,93333435
N;85,777307;20,317555;26,83333397;30,39999962;22,25;1579;380;7;101,7632904;968;43;325;65;9,75;45,77464676;330,4840393;36;14,69999981;21,29999924;28,25;22,35000038
N;86,1967383;22,8756364;25,55833244;30,73333359;19,33333397;1297;305;2;112,3450928;860;24;287;34;10,19999981;39,84375;457,8250732;37,70000076;12,10000038;25,60000038;27,53333282;19,48333359
N;87,006881;22,988843;26,49583244;31,38333321;20,38333321;1250;292;2;107,1814423;794;24;310;27;11,04166698;42,63191605;445,0100098;38,20000076;12,30000019;25,90000153;28,56666565;20,53333282
N;87,53695931;21,90010259;26,51250076;30,20000076;21,26666641;1522;357;3;100,9976883;928;41;358;41;8,741666794;41,82616043;371,135376;35,09999847;14,19999981;20,89999771;28,60000038;21,26666641
N;89,47042487;27,37183019;12,92083359;18,31666756;6,633333206;1268;319;6;96,25904083;756;27;756;41;11,375;47,79411697;475,5115051;23,10000038;-0,699999988;23,80000114;18,31666756;7,683333397
N;90,29507606;26,7665354;24,10416603;27,68333244;18,89999962;3585;897;8;107,7054291;2316;33;1919;40;9,108333588;46,95017242;364,2892151;31,5;12,10000038;19,39999962;27,61666679;19,70000076
N;92,3448154;24,3526742;24,27083397;27,54999924;18,54999924;2521;465;6;78,77709961;1243;59;1243;59;10,125;47,31308365;381,596283;31,89999962;10,5;21,39999962;27,54999924;18,54999924
N;93,451653;26,595298;24,03750038;28,56666565;17,71666718;2115;390;11;82,49103546;1075;57;1067;57;9,991666794;44,60565186;445,6768188;32,40000153;10;22,40000153;27,89999962;17,71666718
N;93,59114325;27,07245064;23,09166718;27,61666679;16,95000076;2743;513;12;87,42076874;1480;68;1480;78;9,399999619;43,72093201;438,6282043;31,29999924;9,800000191;21,5;27,61666679;17,95000076
N;93,868076;25,756634;22,53333282;26,76666641;16,26666641;1694;314;11;79,51548004;881;57;881;57;10,48333359;47,01046371;434,7796326;30,60000038;8,300000191;22,29999924;26,76666641;16,26666641
N;94,890718;26,553163;22,50416565;27,03333282;16,14999962;2315;482;15;85,16561127;1243;67;1243;67;9,908332825;44,63213348;448,3224182;30,79999924;8,600000381;22,19999886;27,03333282;16,14999962
N;94,90694735;27,35344209;23,35833359;28,11666679;17,04999924;2624;504;19;79,37731934;1309;76;1309;103;9,716667175;42,80469894;453,4656067;31,89999962;9,199999809;22,70000076;28,11666679;18,08333397
N;95,605827;27,394345;22,97083282;27,71666718;16,60000038;2522;498;21;78,07033539;1282;92;1282;119;9,508333206;42,07226944;458,6911316;31,60000038;9;22,60000038;27,71666718;17,75
E;-3,595494;40,45689;14,14166641;23,20000076;6,283333302;398;52;10;40,35963821;143;47;47;122;11,91666698;37,83068848;694,0291748;32,29999924;0,800000012;31,5;9,966667175;23,20000076
E;3,867996;43,631416;14,72916698;22,5;7,75;654;97;20;35,09416199;221;95;95;188;9,074999809;35,31128693;603,5706787;28,79999924;3,099999905;25,69999886;11,30000019;22,5
E;5,554245;43,30433;14,73750019;22,28333282;8,066666603;622;97;9;41,89638901;222;73;73;178;9,425000191;37,10629654;588,052002;29,10000038;3,700000048;25,39999962;15,39999962;22,28333282
E;7,664102;45,089855;12,9416666;22,38333321;3,799999952;862;129;39;38,36286926;325;123;239;123;9,25;30,83333397;753,065979;29;-1;30;16,46666718;3,799999952
E;8,451737;45,304827;12,1875;21,53333282;2,616666794;827;104;44;25,98550034;259;149;189;149;9,625;31,97674561;765,8005981;27,79999924;-2,299999952;30,09999847;12,19999981;2,616666794
E;8,452378;45,134188;12,59583282;21,93333435;3,150000095;787;95;44;26,36918259;244;146;175;146;9,458333015;31,63322258;760,3033447;28,29999924;-1,600000024;29,89999962;16,23333359;3,150000095
E;8,634828;45,568657;11,3708334;20,96666718;1,75;1019;127;49;25,25490189;313;183;239;183;11,00833321;34,29387283;777,4417725;28,39999962;-3,700000048;32,09999847;15,19999981;1,75
E;8,805983;41,711437;15,6291666;22,46666718;9,666666985;569;86;8;50,80191422;235;44;70;177;8,991666794;38,26240921;535,0465698;28,60000038;5,099999905;23,5;13,58333302;22,28333282
E;9,132406;45,455417;12,8083334;22,45000076;3,133333206;957;114;55;22,33554077;294;185;230;185;9,100000381;30,03300285;782,178894;29,10000038;-1,200000048;30,30000114;18,36666679;3,133333206
E;9,161589;45,200811;12,5;22,10000038;2,616666794;788;106;42;25,36192513;252;159;172;159;9,283332825;30,33769035;788,1537476;28,79999924;-1,799999952;30,59999847;12,86666679;2,616666794
E;9,17975;45,577482;12,6875;22,26666641;3,183333397;1072;122;56;23,62671661;330;192;278;192;9,425000191;31,00328827;772,5698853;29,10000038;-1,299999952;30,39999962;18,18333244;3,183333397
E;9,211249;44,357407;14,6833334;22,43333244;7,466666698;1149;189;28;42,10971069;435;163;163;290;7,933333397;32,2493248;617,2163696;28,29999924;3,700000048;24,59999847;15,51666641;22,43333244
E;9,287224;45,490182;12,89583302;22,53333282;3,25;974;117;52;22,8621521;304;184;245;184;9,158333778;30,12609673;781,0205078;29,20000076;-1,200000048;30,40000153;18,45000076;3,25
E;9,294895;45,392828;12,66666698;22,20000076;2,950000048;901;112;50;22,74764061;280;177;214;177;9,233333588;30,57394981;779,9835205;28,70000076;-1,5;30,20000076;18,26666641;2,950000048
E;9,303633;45,606955;12,6208334;22,11666679;3,233333349;1065;121;52;24,20733643;332;188;282;188;9,291666985;30,86932564;764,2805786;28,79999924;-1,299999952;30,09999847;18,06666756;3,233333349
E;9,318443;45,160128;12,3791666;21,79999924;2,583333254;784;109;39;26,66202545;252;161;168;161;9,291666031;30,66556549;778,1430664;28,39999962;-1,899999976;30,29999924;12,8166666;2,583333254
E;9,430816;45,500191;12,59583378;21,98333359;3,049999952;970;115;49;23,41200638;302;180;246;180;9,258333206;31,06823349;767,7459717;28,39999962;-1,399999976;29,79999924;18,14999962;3,049999952
E;9,460122;45,403112;12,47500038;21,76666641;2,850000143;902;114;48;23,22325516;282;175;217;175;9,199999809;30,97643089;768,1722412;28,10000038;-1,600000024;29,70000076;18,08333397;2,850000143
E;9,500607;45,310608;12,51666641;21,91666603;2,833333492;870;113;47;23,92321968;270;171;205;171;9,283333778;30,94444656;774,3540649;28,29999924;-1,700000048;30;18,16666603;2,833333492
E;9,538942;45,60466;12,59166718;21,95000076;3,299999952;1046;118;48;25,01749229;325;181;284;181;9,199999809;31,08108139;756,4475708;28,39999962;-1,200000048;29,60000038;18,13333321;3,299999952
E;9,56784;45,189728;12,39166641;21,86666679;2,549999952;829;114;43;25,70862007;262;170;183;170;9,600000381;31,47541046;783,5578613;28,5;-2;30,5;12,85000038;2,549999952
E;9,629703;47,30837;9,220833778;17,39999962;0,883333325;1304;168;71;31,96656227;484;222;484;228;8,558333397;32,5411911;670,9100342;23,29999924;-3;26,29999924;17,39999962;2,299999952
E;9,652212;45,356378;12,52083302;22;2,783333302;892;113;46;23,05676079;277;172;217;172;9,375;31,04304695;779,5495605;28,5;-1,700000048;30,20000076;18,21666718;2,783333302
E;9,660822;45,712958;12,3083334;21,53333282;3,316666603;1082;122;46;27,27565956;334;176;311;176;9,149999619;31,33561707;740,300415;28;-1,200000048;29,20000076;17,75;3,316666603
E;9,704417;45,159354;12,41666698;22;2,533333302;833;114;44;25,09494781;262;172;185;172;9,766666412;31,60733604;789,8081665;28,79999924;-2,099999905;30,89999962;12,88333321;2,533333302
E;9,740402;45,630506;12,4958334;21,86666679;3,166666508;1028;115;45;25,30024147;318;176;286;176;9,375;31,35451698;759,4868164;28,39999962;-1,5;29,89999962;18,08333397;3,166666508
E;9,761876;45,278007;12,42500019;21,88333321;2,583333254;857;111;46;23,03514099;268;172;202;172;9,533332825;31,46314621;783,4234009;28,29999924;-2;30,29999924;18,14999962;2,583333254
E;9,867064;45,336542;12,44583321;21,85000038;2,650000095;872;109;45;21,9445343;273;173;213;173;9,425000191;31,41666603;779,6137085;28,10000038;-1,899999976;30;18,14999962;2,650000095
E;9,882152;45,45002;12,48333359;21,89999962;2,766666651;916;110;44;22,57522583;286;174;236;174;9,366666794;31,3266449;776,6838989;28,10000038;-1,799999952;29,89999962;18,14999962;2,766666651
E;9,900181;45,606141;12,51249981;21,98333359;2,983333349;971;111;43;24,666008;301;170;270;170;9,458333015;31,31898499;771,9724731;28,5;-1,700000048;30,20000076;18,14999962;2,983333349
E;9,983693;45,151694;12,67500019;22,41666603;2,75;820;101;44;21,51921463;257;171;192;171;9,483333588;30,69039917;797,2808838;29,20000076;-1,700000048;30,90000153;18,45000076;2,75
E;10,005966;44,403198;6,445833206;14,15000057;-0,06666664;1303;164;55;27,6774559;440;225;225;317;7,091666698;30,83333397;590,5523682;19,29999924;-3,700000048;23;7,099999905;14,15000057
E;10,041452;45,655448;12,40833378;21,76666641;3,116666794;933;108;42;24,73673248;292;166;263;166;8,649999619;29,6232872;757,1592407;28;-1,200000048;29,20000076;17,91666603;3,116666794
E;10,068558;45,511525;12,50833321;22,10000038;2,650000095;915;110;43;23,1377697;287;171;244;171;9,550000191;31,31147575;790,0369263;28,5;-2;30,5;18,21666718;2,650000095
E;10,069362;44,857967;12,63749981;22,43333435;2,916666508;796;106;32;27,66404343;259;156;157;176;10,20833302;32,00104523;790,0636597;30,10000038;-1,799999952;31,89999962;13;20,26666641
E;10,206238;45,368834;12,5625;22,29999924;2,533333302;864;108;43;22,32651329;272;164;222;173;9,491666794;30,81709862;801,4819336;28,70000076;-2,099999905;30,80000114;18,29999924;8
E;10,211787;44,755133;12,6916666;22,39999962;3,133333445;792;95;45;22,59963417;258;164;173;169;10,21666718;32,33122253;780,6228027;30,10000038;-1,5;31,60000038;13,08333302;20,20000076
E;10,215659;45,587352;12,35833359;22,06666756;2,799999952;902;109;41;24,96622658;285;163;254;163;9,183333397;30,30803108;781,2863159;28,70000076;-1,600000024;30,30000114;17,93333435;2,799999952
E;10,234637;45,059196;12,67500019;22,38333321;2,700000048;751;94;41;21,83846855;239;156;174;156;9,733333588;31,39785004;798,0957642;29,29999924;-1,700000048;31;13,0666666;4,633333206
E;10,258861;45,221368;12,60833359;22,36666679;2,599999905;795;100;42;21,66132736;250;157;197;163;9,566666603;31,16178131;801,7702637;28,89999962;-1,799999952;30,69999886;18,35000038;8
E;10,278915;45,460719;12,52083302;22,45000076;2,549999952;885;110;43;22,6322155;277;167;236;173;9,524999619;30,52884483;806,7850342;29,20000076;-2;31,20000076;18,26666641;7,849999905
E;10,33053;44,803418;13,1208334;23,08333397;3,299999952;774;107;37;27,73802185;252;151;169;151;10,24166679;32,00520706;800,4642334;30,79999924;-1,200000048;32;13,40000057;3,299999952
E;10,35831;45,27804;12,64166641;22,46666718;2,600000143;798;102;41;22,34757042;252;154;203;161;9,699999809;31,18971062;806,2647705;29,10000038;-2;31,10000038;18,39999962;8
E;10,364462;45,13156;12,72916698;22,53333282;2,683333397;745;94;40;21,56067467;234;151;183;153;9,808333397;31,5380497;805,4373779;29,39999962;-1,700000048;31,10000038;18,53333282;4,633333206
E;10,396424;45,001285;12,83333302;22,60000038;2,883333206;714;90;40;22,21504593;226;146;168;146;9,633333206;31,07526779;799,3416138;29,60000038;-1,399999976;31;13,21666622;4,799999714
E;10,462368;44,919707;12,91250038;22,75;2,966666698;704;91;38;23,45643044;225;145;160;145;9,891666412;31,50212288;800,9571533;30;-1,399999976;31,39999962;13,30000019;2,966666698
E;10,482958;45,387467;12,67500019;22,58333397;2,683333397;819;101;40;22,96582031;259;154;226;157;9,616666794;31,02150536;807,1710205;29,20000076;-1,799999952;31;18,43333435;4,650000095
E;10,528292;44,69515;12,82916641;22,63333321;3,100000143;769;97;38;23,86138725;247;158;162;160;10,625;33,09968948;791,409729;30,5;-1,600000024;32,09999847;13,23333359;20,39999962
E;10,532792;45,001319;12,9333334;22,75;2,900000095;696;87;40;21,59694672;217;142;166;144;10;31,94888306;805,1152954;29,79999924;-1,5;31,29999924;18,76666641;4,866666794
E;10,558919;45,580535;12,83749962;22,41666603;3,483333349;817;98;40;23,36072731;257;149;231;153;8,591666222;29,32309532;769,9058838;28,79999924;-0,5;29,29999924;18,39999962;5,116666794
E;10,600043;44,92059;12,97916698;22,81666756;3;679;82;38;20,40674973;209;143;158;144;9,875;31,54952049;802,8768311;30;-1,299999952;31,29999924;13,33333302;4,949999809
E;10,604306;45,085511;12,89999962;22,75;2,916666746;685;85;38;21,15563393;214;137;172;141;9,75;31,35048103;804,5693359;29,70000076;-1,399999976;31,10000038;18,73333359;4,849999905
E;10,641558;45,443562;12,78749943;22,44999886;3,333333254;785;95;39;22,80226707;247;145;221;148;8,691666603;29,36373901;777,4407959;28,79999924;-0,800000012;29,59999847;18,43333435;4,949999809
E;10,666083;45,251706;12,76666641;22,53333282;2,849999905;716;89;37;21,78108597;225;138;190;142;9,716666222;31,54761696;798,8040161;29,20000076;-1,600000024;30,80000114;18,53333282;4,783333302
E;10,668689;44,76602;13,17500019;23,11666679;3,216666698;708;85;39;20,91348267;222;147;161;147;10,5;32,60869598;805,776001;30,79999924;-1,399999976;32,20000076;13,53333378;3,216666698
E;10,734379;45,354691;12,63333321;22,38333321;2,899999857;756;91;38;22,96396637;237;139;213;142;9,550000191;31,10749245;791,1077881;29,10000038;-1,600000024;30,70000076;18,28333282;4,75
E;10,754173;45,046943;13,0041666;22,88333321;3,033333302;649;78;37;19,75794411;199;131;161;135;9,675000191;31,20967865;805,2285156;29,79999924;-1,200000048;31;18,83333397;4,933333397
E;10,766065;44,862871;13,16666698;23,10000038;3,116666555;669;76;39;18,71080208;202;138;160;142;10,19999981;32,07546997;809,7876587;30,5;-1,299999952;31,79999924;13,51666641;5,066666603
E;10,800663;45,479456;12,4333334;22,13333321;2,883333445;795;92;39;24,12011528;249;140;233;143;9,433333397;31,03070259;781,8809814;28,79999924;-1,600000024;30,39999962;17,96666718;4,666666508
E;10,817836;45,160568;13,19583321;23,13333321;3,333333254;664;80;36;20,01683044;204;130;175;134;9,241666794;30,00541115;803,2871704;30;-0,800000012;30,79999924;18,95000076;5,183333397
E;10,938736;44,679809;13,34166718;23,21666718;3,450000048;697;78;41;18,32108116;213;142;160;142;10,53333378;32,91666794;802,1415405;30,89999962;-1,100000024;32;13,76666641;3,450000048
E;11,256043;44,505576;13,73333359;23,56666756;3,950000048;735;81;44;20,60789299;229;148;162;148;9,666666031;30,98290634;797,2462158;30,89999962;-0,300000012;31,19999886;14,25;3,950000048
E;11,290816;44,73153;13,51249981;23,46666718;3,433333397;649;70;37;17,79523849;199;129;157;130;9,774999619;31,03174591;813,1703491;30,70000076;-0,800000012;31,5;13,98333263;5,333333492
E;11,422543;47,263007;9,579166412;18,33333397;0,483333319;912;135;42;41,21389008;371;136;371;136;10,32499981;35,23890686;727,065918;25;-4,300000191;29,29999924;18,33333397;0,483333319
E;11,527994;45,568607;13,75;23,64999962;3,833333254;1076;104;72;12,97652531;298;232;277;232;9,266666412;30,08658028;805,2526245;30;-0,800000012;30,79999924;17,88333321;3,833333254
E;11,596224;44,845154;14,16250038;24,21666718;3,966666698;627;64;38;16,37389946;185;127;158;127;8,175000191;27,25;822,4689331;30,39999962;0,400000006;30;14,46666718;3,966666698
E;11,74344;45,366291;13,28750038;22,76666641;3,716666698;837;84;51;14,18718052;235;175;219;181;8,108333588;28,25203323;774,244873;28,39999962;-0,300000012;28,69999886;17,14999962;5,400000095
E;11,877238;45,406533;13,35833359;22,95000076;3,883333445;845;91;48;16,10360527;244;169;231;179;8,016666412;27,83564758;774,3203125;28,70000076;-0,100000001;28,80000114;17,10000038;5,483333588
E;11,921314;46,952709;7,091666698;15,64999962;-1,699999928;907;133;37;43,56951904;371;121;371;121;9,433333397;33,57058334;708,56073;21,89999962;-6,199999809;28,09999847;15,64999962;-1,699999928
E;12,095632;45,456131;13,11666679;22,45000076;3,700000048;807;85;46;17,40531349;229;159;215;165;8,816666603;30,50749779;762,0108643;28,29999924;-0,600000024;28,89999962;16,91666603;5,316666603
E;12,285385;45,718762;13,1208334;22,56666756;3,766666651;899;98;47;20,37910461;263;166;250;166;9,675000191;32,1428566;763,7272949;29,10000038;-1;30,10000038;16,89999962;5,383333206
E;12,382788;44,222058;13,84583378;23,29999924;4,349999905;730;88;45;21,29767799;241;148;168;153;8,541666985;29,35280609;770,4941406;29,39999962;0,300000012;29,10000038;14,61666679;5,883333206
E;12,524832;41,938778;15,6916666;23,71666718;8,449999809;700;96;16;41,11639404;264;79;79;219;10,18333244;37,16545105;631,6746826;30,79999924;3,400000095;27,39999962;12,5;23,71666718
E;13,616912;45,346527;13,94583321;22,70000076;5,633333206;922;106;52;21,87129402;300;179;220;194;8,574999809;31,64206696;690,8573608;28,70000076;1,600000024;27,10000038;14,69999981;6,516666889
E;14,520338;46,049667;9,574999809;18,75;0,1333334;1407;163;72;24,52331924;441;238;395;252;9,666666985;32,87981796;754,421814;25,60000038;-3,799999952;29,39999962;9,883333206;1,833333373
E;14,866559;44,140348;15,125;23,13333321;8,033333778;823;102;29;32,84280777;297;132;132;216;7,516666412;30,8060112;622,8654175;28,79999924;4,400000095;24,39999962;15,89999962;23,13333321
E;15,166154;43,936267;14,80000019;22,91666794;7,566666603;795;96;27;31,77316856;280;122;122;210;8,433333397;32,94270706;633,8805542;29,20000076;3,599999905;25,60000038;15,58333397;22,91666794
E;15,45603;43,930447;14,60833359;22,91666603;7;786;93;29;29,49892235;269;124;124;209;9,366666794;34,31013489;654,5221558;29,79999924;2,5;27,29999924;15,36666679;22,91666603
E;15,587115;43,819403;14,89583302;22,93333244;7,550000191;737;89;26;29,71094513;250;114;114;199;8,041666985;32,03851318;634,7814941;28,79999924;3,700000048;25,09999847;15,76666737;22,93333244
E;15,946288;43,735664;14,90416622;23,58333397;6,933333397;725;88;26;27,32891273;237;117;117;197;8,891666412;32,68994904;680,4425659;30,20000076;3;27,20000076;11,33333302;23,58333397
E;16,192842;43,511074;16;24,53333282;8,316666603;735;93;28;28,98150826;251;116;116;203;7,833333492;30,59895897;664,6085815;30,29999924;4,699999809;25,59999847;12,60000038;24,53333282
E;16,48396;43,53253;16,25833321;24,95000076;8,316666603;803;101;34;27,66344833;275;131;131;221;7,766666412;29,87179375;679,4477539;30,70000076;4,699999809;26;12,6833334;24,95000076
E;16,658392;43,262147;16,07916641;24,31666565;8,516666412;784;102;28;31,99477386;279;117;117;226;7,658332825;30,51128769;647,7143555;29,89999962;4,800000191;25,09999847;12,94999981;24,31666565
E;19,085261;47,509461;11,4416666;21,26666641;1,483333349;527;62;28;24,48902893;173;91;162;102;8,666666985;29,08277321;805,3085938;27,5;-2,299999952;29,79999924;19,68333244;3,133333206
E;19,457287;40,497626;16,48749924;23,96666718;9,616666794;923;154;14;60,94066238;420;62;62;365;9,741666794;37,75839615;590,1391602;30,60000038;4,800000191;25,79999924;10,89999962;23,96666718
E;19,465733;42,138133;15,15416622;24,08333206;6,599999905;1685;236;38;46,82176971;657;152;152;549;9,008333206;31,17070389;714,621521;31;2,099999905;28,89999962;11,33333302;24,08333206
E;19,472556;40,721684;15,98333359;23,66666603;8,883333206;925;145;19;52,58733749;391;79;79;342;10,69999981;39,19413757;608,2550659;31;3,700000048;27,29999924;10,13333321;23,66666603
E;19,484522;40,989574;15,9333334;23,58333397;8,733333588;933;144;22;49,59960175;382;87;87;334;9,699999809;36,88212967;609,9080811;30,29999924;4;26,29999924;10,01666641;23,58333397
E;19,594728;40,822628;15,41250038;23,23333359;8,149999619;954;142;25;46,22143936;382;97;97;337;10,97500038;39,19643021;621,3442993;30,79999924;2,799999952;28;9,399999619;23,23333359
E;19,709311;39,675565;15,82083321;23,29999924;9,216667175;1079;186;12;67,34957123;498;52;52;430;9,224999428;36,46244812;588,8952026;29,60000038;4,300000191;25,29999924;13,30000019;23,29999924
E;19,804981;39,790105;16,42083359;24,10000038;9,483333588;1121;194;11;68,44259644;518;50;50;457;10,0583334;37,67166138;607,1672363;30,79999924;4,099999905;26,69999886;13,6833334;24,10000038
E;19,83983;39,679037;16,65833282;24,60000038;9,616666794;1069;185;11;67,07839203;495;48;48;417;10,33333302;37,57575607;619,8931274;31,70000076;4,199999809;27,5;13,80000019;24,60000038
E;19,848815;39,550226;16,48749924;24,08333397;9,75;999;174;10;68,06839752;467;44;44;392;9,608333588;37,09780884;595,9909058;30,70000076;4,800000191;25,90000153;13,88333321;24,08333397
E;19,887917;46,27464;10,625;20,48333359;0,383333355;530;72;28;28,83385086;182;89;182;102;10,51666641;33,07127762;817,9450073;27,79999924;-4;31,79999924;20,48333359;2,100000143
E;19,933328;39,743828;15,90833378;23,78333282;8,933333397;1220;208;12;67,83856964;558;55;55;499;9,849999428;36,61709976;618,6672974;30,60000038;3,700000048;26,89999962;13,0666666;23,78333282
E;20,015816;46,238762;10,61666679;20,48333359;0,333333403;506;70;25;31,39026642;180;80;180;93;10,53333378;33,0198555;819,0496826;27,79999924;-4,099999905;31,89999962;20,48333359;2,050000191
E;20,025734;40,291278;14,72083378;23,10000038;6,766666889;1480;239;22;62,81358719;675;90;90;620;11,49166679;37,31060791;674,942627;31;0,200000003;30,79999924;7,966666698;23,10000038
E;20,104127;39,39601;16,83333397;24,45000076;10,01666641;953;164;7;68,73813629;438;38;38;390;9,649999619;37,11538315;600,6259155;31,20000076;5,199999809;26;14,19999981;24,45000076
E;20,137425;40,073722;13,89583302;22,54999924;5,900000095;1649;277;23;65,64093018;766;92;92;707;11,60833359;36,96921539;691,7121582;30,60000038;-0,800000012;31,39999962;7,016666412;22,54999924
E;20,161736;39,22575;16,9375;24,20000076;10,44999981;911;160;6;69,87997437;420;35;35;377;8,725000381;35,90534973;576,4118042;30,39999962;6,099999905;24,29999924;14,5666666;24,20000076
E;20,239017;39,406525;16,63750076;24,31666565;9,716667175;954;164;6;69,23471832;439;37;37;400;9,941666603;37,65782547;607,7796021;31,10000038;4,699999809;26,40000153;10,96666622;24,31666565
E;20,289112;39,53683;15,76666641;23,93333435;8,350000381;1074;179;9;66,84771729;489;48;48;449;10,89999962;38,2456131;644,7597656;31,5;3;28,5;9,550000191;23,93333435
E;20,381943;40,219772;14,09999943;22,85000038;5,75;1454;237;25;61,47416687;656;95;95;603;11,44999981;36,23417664;707,0039063;30,89999962;-0,699999988;31,60000038;6,900000095;22,85000038
E;20,406056;44,839342;12,01249981;21,39999962;2,200000048;660;92;37;26,48642349;226;121;216;128;9,658332825;32,19444275;780,1780396;27,89999962;-2,099999905;30;19,89999962;3,799999952
E;20,412205;39,287692;16,32500076;24,01666641;9,350000381;960;163;8;66,9901123;433;41;41;393;9,916666985;37,56313324;609,2823486;31;4,599999905;26,39999962;10,60000038;24,01666641
E;20,490727;39,2122;16,59583282;24,23333359;9,5;916;160;8;68,32307434;421;40;40;379;10,27499962;38,33955383;610,9287109;31,39999962;4,599999905;26,79999924;10,78333282;24,23333359
E;20,546387;38,331612;15,88333321;22,95000076;9,5;898;161;8;72,01636505;424;34;34;379;8,166666985;35,05007172;565,0636597;29,10000038;5,800000191;23,29999924;10,94999981;22,95000076
E;20,554593;38,098587;17,44583321;24,33333397;11,38333321;845;155;5;77,01968384;416;24;52;300;7,791666508;34,94020844;544,8621826;30,10000038;7,800000191;22,29999924;12,8166666;24,23333359
E;20,560745;38,66151;16,02916718;23,23333359;9,550000191;905;160;9;69,40811157;416;38;38;374;8,941666603;36,64617538;574,1929321;29,79999924;5,400000095;24,39999962;10,91666698;23,23333359
E;20,602161;38,779396;16,27499962;23,63333321;9,5;888;160;9;69,85352325;412;38;38;367;9,233333588;36,78619003;588,4938354;30,29999924;5,199999809;25,09999847;10,89999962;23,63333321
E;20,608586;39,322805;15,75833321;23,73333359;8,25;969;160;12;63,22272491;429;52;52;390;10,78333378;38,64994049;638,1893311;31,20000076;3,299999952;27,90000153;9,5;23,73333359
E;20,636546;39,097871;16,52499962;24,21666718;9,383333206;896;156;9;67,70604706;410;42;42;370;10,21666622;37,9801712;615,2623291;31,5;4,599999905;26,89999962;10,71666622;24,21666718
E;20,646963;38,445555;16,72083282;23,66666794;10,5;879;161;8;72,36159515;415;33;63;368;8,074999809;35,26200485;553,4908447;29,70000076;6,800000191;22,90000153;11,91666603;23,60000038
E;20,707018;38,829444;16,85833359;24,46666718;9,883333206;875;157;9;69,56570435;405;38;38;362;9,716666222;37,08651352;605,6732788;31,60000038;5,400000095;26,20000076;11,21666622;24,46666718
E;20,72114;38,346201;16,35833359;23,35000038;10,19999981;887;160;8;72,68976593;422;33;63;311;8;34,93449783;555,4721069;29,39999962;6,5;22,89999962;11,58333397;23,29999924
E;20,75077;40,044237;12,16666698;20,51666641;4,433333397;1021;145;35;44,96779633;398;110;110;356;10,23333359;35,90643311;666,5219727;27,89999962;-0,600000024;28,5;8,899999619;20,51666641
E;20,753494;38,078333;17,0625;24,13333321;10,80000019;904;161;7;75,88870239;443;27;57;391;8,324999809;35,42553329;560,3494263;30,39999962;6,900000095;23,5;12,19999981;24,04999924
E;20,786494;38,669503;17,00416756;24,08333397;10,66666698;862;156;9;70,56978607;402;37;66;359;8,758333206;36,64574432;565,5707397;30,60000038;6,699999809;23,90000153;12,05000019;24,04999924
E;20,853133;37,713695;17,30833244;24,23333359;11,13333321;931;186;6;82,60068512;486;22;52;336;7,550000191;33,7053566;550,5032349;29,79999924;7,400000095;22,39999962;12,5666666;24,13333321
E;20,853747;39,665029;13,4958334;22,03333282;5,483333111;991;150;30;49,67746735;404;97;97;360;11,24166679;38,10734558;678,7269287;30,39999962;0,899999976;29,5;6,650000095;22,03333282
E;20,861401;37,819961;17,29583359;24,28333282;11,05000019;922;185;6;82,88650513;484;22;50;434;8,125;35,17316055;555,642395;30,20000076;7,099999905;23,10000038;12,46666622;24,20000076
E;20,882745;38,768554;16,47500038;24,04999924;9,433333397;868;155;10;68,55846405;399;40;40;357;9,966667175;37,75252533;607,5491333;31,20000076;4,800000191;26,40000153;10,85000038;24,04999924
E;20,929613;38,624503;16,72500038;23,86666679;10,26666641;866;159;10;70,61476898;403;37;65;356;9,133333206;37,43169403;572,385376;30,5;6,099999905;24,39999962;11,64999962;23,85000038
E;21,046171;39,14069;16,13750076;24,46666718;8,316666603;882;146;14;62,07699203;385;53;53;349;11,5583334;39,04842377;664,9371948;32,79999924;3,200000048;29,59999847;9,649999619;24,46666718
E;21,110339;37,880725;16,89583397;23,95000076;10,44999981;824;157;6;80,79030609;427;21;46;377;8,691666603;36,21527863;565,4019775;30,10000038;6,099999905;24;11,86666679;23,89999962
E;21,225147;45,748485;10,86666679;20,64999962;0,649999976;597;82;33;28,46932602;211;103;198;115;10,53333282;33,01985168;812,024231;28;-3,900000095;31,89999962;19,10000038;2,299999952
E;21,273883;37,939728;16,75833321;23,93333435;10,03333282;772;143;5;78,75073242;392;19;44;340;9,949999809;38,8671875;581,1776123;30,70000076;5,099999905;25,60000038;11,39999962;23,90000153
E;21,305086;37,75357;16,74583244;23,86666679;10,0666666;780;146;5;80,31732178;403;19;42;355;9,641666412;38,10935593;576,3539429;30,5;5,199999809;25,29999924;11,46666622;23,85000038
E;21,487429;37,602535;16,80416679;24,03333282;10,08333302;756;140;5;79,028862;387;20;20;341;9,824999809;38,68110275;582,8123779;30,60000038;5,199999809;25,40000153;11,44999981;24,03333282
E;21,48862;41,970905;12,5;22,75;1,799999952;497;53;32;18,57594681;146;103;117;114;11,91666698;34,34197998;847,531189;31;-3,700000048;34,70000076;7,183333397;21,89999962
E;21,578938;37,122452;16,96666718;23,96666718;10,53333282;734;141;3;81,47167206;383;15;40;345;8,199999809;35,34482574;564,2063599;29,39999962;6,199999809;23,20000076;11,91666603;23,95000076
E;21,591224;37,542269;16,74583244;23,88333321;10,13333321;747;138;5;78,56443787;381;20;20;336;9,641666412;38,7215538;575,0393677;30,20000076;5,300000191;24,90000153;11,48333359;23,88333321
E;21,622825;37,658805;16,39166641;24,04999924;9,399999619;756;135;6;75,63943481;376;23;23;331;10,33333302;38,70162201;607,8270874;31,20000076;4,5;26,70000076;10,75;24,04999924
E;21,629104;39,721036;14,10416698;23,36666679;5,150000095;701;94;23;43,14514923;265;78;78;239;10,84166622;34,63791275;744,5971069;31,39999962;0,100000001;31,29999924;10,46666622;23,36666679
E;21,725849;38,190604;16,30416679;24,35000038;8,966667175;691;129;8;71,83100891;329;27;27;286;10,85833359;38,77976227;637,3077393;31,89999962;3,900000095;28;10,36666679;24,35000038
E;21,726449;36,837501;16,94166565;24,41666603;10,0666666;698;133;1;81,39147949;362;11;11;331;8,300000191;34,2975235;596,4814453;30;5,800000191;24,20000076;11,48333359;24,41666603
E;21,747453;36,948625;16,42916679;23,89999962;9,583333015;740;138;3;78,96286011;377;16;16;344;8,841666222;35,94173431;596,0150146;29,79999924;5,199999809;24,59999847;10,96666622;23,89999962
E;21,761388;39,556612;15,98333359;25,66666603;6,316666603;714;101;17;50,81132507;280;63;63;262;11,89999962;34,89736176;787,0610962;34,29999924;0,200000003;34,09999847;12,3166666;25,66666603
E;21,911266;40,973579;12,0625;21,51666641;2,566666603;499;56;32;21,58004761;151;100;109;106;10,40833378;33,68392563;768,1149292;28,70000076;-2,200000048;30,90000153;7,616666794;20,83333397
E;21,931369;36,821148;17,28333282;24,79999924;10,51666641;696;130;3;79,72819519;356;15;15;324;8,399999619;34,85477066;595,9001465;30,5;6,400000095;24,10000038;11,91666698;24,79999924
E;22,013072;37,050422;17,1875;24,83333397;10,41666698;735;136;5;77,90486908;371;23;23;334;10,625;40,39923859;601,0374756;31,70000076;5,400000095;26,30000114;11,71666718;24,83333397
E;22,14583;36,970212;17,07916641;24,43333435;10,61666679;690;129;5;78,70507813;351;21;21;318;8,791666985;36,78521347;579,727478;30,10000038;6,199999809;23,90000153;11,96666622;24,43333435
E;22,165483;38,197302;16,46666718;24,95000076;8,800000191;648;110;9;66,67367554;297;34;34;267;10,61666679;37,38262939;666,003479;32,5;4,099999905;28,39999962;10,1833334;24,95000076
E;22,255289;40,490967;14,65833378;24,35000038;4,983333588;445;56;23;26,17352486;148;76;78;113;10,30000019;32,90734863;784,2884521;31,60000038;0,300000012;31,30000114;10,21666718;23,68333435
E;22,276422;38,893284;16,04166603;25,01666641;7,550000191;608;92;13;54,29608917;252;48;48;225;10,46666622;35,48022461;713,5373535;32,29999924;2,799999952;29,5;12,46666622;25,01666641
E;22,297063;36,80372;17,05833244;24,45000076;10,48333359;641;121;4;79,83530426;329;17;17;301;8,216666222;35,11396027;584,9779663;29,79999924;6,400000095;23,39999962;11,91666603;24,45000076
E;22,38325;38,377294;17,08333397;25,73333359;9,366666794;609;99;10;62,36665344;269;38;38;247;10,48333359;36,78362656;677,7949829;33,20000076;4,699999809;28,5;10,76666641;25,73333359
E;22,424991;40,267571;14,54166698;24,18333435;5,199999809;439;55;22;27,14533997;147;73;75;112;10,8166666;34,44798279;771,7154541;31,70000076;0,300000012;31,40000153;10,26666641;23,55000114
E;22,438011;39,646109;15,27083302;25,25;5,983333588;434;62;19;34,79522324;158;62;62;122;11,70833302;36,13682938;784,3771362;33,20000076;0,800000012;32,40000153;10,90000057;25,25
E;22,440022;36,459903;17,76250076;25,18333244;11,14999962;592;111;3;82,21479797;310;13;13;232;7,191666603;31,9629631;588,5927734;30,10000038;7,599999905;22,5;12,66666698;25,18333244
E;22,491475;40,103666;12,95416641;22,26666641;4,050000191;471;55;25;24,71166992;150;82;84;115;9,158332825;31,91056824;742,8276978;28,89999962;0,200000003;28,69999886;8,966666222;21,63333321
E;22,497597;36,841122;16,45833397;24,28333282;9,566666603;643;116;6;76,07500458;321;23;23;296;8,733333588;35,07362747;613,7620239;30,39999962;5,5;24,89999962;10,98333359;24,28333282
E;22,500275;38,480405;14,24166679;23;6,283333302;674;103;15;54,16752243;277;56;56;262;10,66666603;36,90888214;688,9314575;30,5;1,600000024;28,89999962;7,75;23
E;22,552652;41,128164;14,58749962;24,91666603;4,299999714;431;51;26;20,80537987;134;84;94;100;11,84166622;34,32367325;832,5839233;33,29999924;-1,200000048;34,5;9,533333778;24,13333321
E;22,565537;36,760219;17,69583321;25,33333206;11;582;109;4;79,34628296;299;17;17;274;8,024999619;33,71848679;599,8653564;31;7,199999809;23,79999924;12,4333334;25,33333206
E;22,589027;40,244202;15,10000038;24,54999924;5,849999905;419;56;20;29,92720604;144;66;67;114;10,46666718;34,42982483;761,0638428;31,39999962;1;30,39999962;10,85000038;23,88333321
E;22,590263;41,45055;13,08333302;23,11666679;2,866666555;447;49;27;19,72632027;132;92;107;98;11,38333321;33,87896729;817,6611328;31,10000038;-2,5;33,59999847;8,083333015;4,583333492
E;22,596612;40,003548;14,48750019;23,78333282;5,583333492;434;57;20;30,35025597;150;67;67;116;9,125;31,79442406;740,6818848;30,20000076;1,5;28,70000076;10,51666641;23,78333282
E;22,747298;39,427184;15,46666622;24,70000076;6,833333492;460;65;15;41,93455887;176;53;53;150;10,89999962;36,45484924;729,9979248;32;2,099999905;29,89999962;11,66666698;24,70000076
E;22,795042;39,746899;13,85833359;22,85000038;5,516666889;468;59;21;32,08653259;164;67;67;135;8,866666794;32,36009979;708,7147217;29;1,600000024;27,39999962;10,1833334;22,85000038
E;22,801116;37,564702;16,84583282;25,10000038;9,583333015;568;99;8;69,10205841;267;30;30;245;9,625;36,18421173;645,6936035;31,79999924;5,199999809;26,59999847;11,03333282;25,10000038
E;22,809591;41,196789;13,73333359;23,61666679;3,833333492;447;51;27;20,10075569;136;88;99;104;11,33333302;34,44782257;801,1677246;31,39999962;-1,5;32,90000153;8,983333588;22,86666679
E;22,822304;40,951629;14,25;24,39999962;4,333333492;440;52;27;20,22942734;138;86;96;106;11,6833334;34,56607437;813,4633789;32,79999924;-1;33,79999924;9,416666985;23,71666718
E;22,88197;40,499675;14,88333321;24,58333397;5,5;428;55;23;26,06412888;143;73;78;113;10,19999981;32,90322495;776,0252075;31,79999924;0,800000012;31;10,48333359;23,89999962
E;22,897396;37,118971;17,33749962;25,20000076;10,4333334;541;97;5;75,33226776;267;20;20;243;7,841666698;32,40357971;614,7324829;31;6,800000191;24,20000076;11,88333321;25,20000076
E;22,917934;40,89638;14,0583334;24,04999924;4,300000191;444;53;25;21,6133461;140;83;95;108;11,36666679;34,44444656;801,2059937;32,09999847;-0,899999976;33;9,350000381;23,33333206
E;22,939721;38,835405;16,11666679;24,61666679;8,399999619;529;83;10;55,918396;218;40;40;206;8,516666412;32,63090515;667,4589844;30,60000038;4,5;26,10000038;13,03333378;24,61666679
E;22,944714;39,358954;16,09583282;25,04999924;7,900000095;467;64;14;44,44985962;181;49;49;157;9,225000381;33,42391205;702,8754272;31,5;3,900000095;27,60000038;12,63333321;25,04999924
E;22,947092;37,996125;16,73749924;25,11666679;9,300000191;537;95;7;67,24238586;244;29;29;231;9,491666794;35,41666794;657,3815918;31,70000076;4,900000095;26,80000114;10,80000019;25,11666679
E;22,955614;40,570692;14,875;24,54999924;5,466666698;435;56;23;26,18153572;145;74;81;115;10,03333282;32,68186569;776,9974365;31,5;0,800000012;30,70000076;10,4333334;23,86666679
E;22,959709;40,773936;14,1833334;24,16666794;4,5;452;54;27;20,72880363;144;87;97;112;11,13333321;33,94308853;798,7044678;32,20000076;-0,600000024;32,79999924;9,516666412;23,5
E;22,973961;41,147362;12,71249962;22,35000038;3,200000048;482;52;30;18,08440399;143;98;110;111;11,49166679;35,46810913;776,7827759;30,29999924;-2,099999905;32,39999771;8,149999619;21,70000076
E;22,975149;36,476677;18,1875;25,25;11,80000019;498;94;3;83,69870758;264;11;11;205;5,591666698;27,2764225;561,8117065;29,5;9;20,5;13,60000038;25,25
E;22,982232;40,664823;14,26666641;24,03333282;4,849999905;453;55;26;22,33888245;146;83;92;113;10,4333334;33,44017029;779,7037354;31,39999962;0,200000003;31,19999886;9,733333588;23,31666565
E;23,000943;42,666148;9,054166794;18,23333359;-0,600000024;618;75;33;24,53442001;209;114;188;116;12,47500038;38,26687241;765,8728027;26,70000076;-5,900000095;32,60000229;16,51666641;0,866666675
E;23,007038;37,91777;17,29999924;25,95000076;9,683333397;528;92;8;66,17325592;238;30;30;224;9,883333206;35,8091774;674,6312256;32,90000153;5,300000191;27,60000229;11,14999962;25,95000076
E;23,037621;36,686259;18,08333397;25,46666718;11,51666641;506;93;3;81,26940155;263;13;13;202;6,199999809;28,70370293;581,9182129;30,10000038;8,5;21,60000038;13,1833334;25,46666718
E;23,063992;39,34126;15,16666698;23,81666565;7,283333302;494;66;15;43,61003113;188;53;53;169;8,300000191;31,92307854;678,2508545;29,39999962;3,400000095;26;11,94999981;23,81666565
E;23,069574;39,093042;15,92083359;24,43333244;8,25;494;73;12;51,21285248;198;44;44;184;7,708333492;30,71049118;666,8087158;29,79999924;4,699999809;25,09999847;12,91666698;24,43333244
E;23,076198;36,788859;17,92499924;25,41666603;11,28333282;508;92;4;79,8822403;260;14;14;200;6,383333206;29,01515007;589,2271118;30,20000076;8,199999809;22;12,89999962;25,41666603
E;23,097814;39,481475;14,15833378;22,60000038;6,416666508;502;65;17;40,66710663;186;59;59;169;6,933333397;28,65013695;665,6467285;27,5;3,299999952;24,20000076;11;22,60000038
E;23,132553;41,191654;14,20833302;23,89999962;4,483333111;441;54;23;23,28949165;143;79;91;112;9,616666794;31,3246479;786,331604;30,5;-0,200000003;30,70000076;9,583333015;23,14999962
E;23,14357;40,656228;14,26249981;23,86666679;4,799999714;446;56;23;25,37401199;149;75;85;120;9,691666603;31,9856987;775,265686;30,60000038;0,300000012;30,30000114;9,816666603;23,19999886
E;23,156386;37,618475;17,24166679;25,66666603;9,800000191;491;85;6;69,92105103;229;23;23;210;8,933333397;33,96704865;658,0198364;32,09999847;5,800000191;26,29999924;11,30000019;25,66666603
E;23,180334;39,404816;15,73333359;24,21666718;7,816666603;462;64;13;46,23601913;180;47;47;163;6,650000095;27,70833206;669,7127686;28,60000038;4,599999905;24;12,58333397;24,21666718
E;23,186152;39,224101;16,45833397;25,08333397;8,633333206;463;68;11;51,10245514;186;41;41;172;7,333333492;29,33333397;673,6495972;30;5;25;13,36666679;25,08333397
E;23,186681;38,647972;16,46666718;25,06666565;8,75;530;89;8;60,3966217;224;36;36;219;8,933333397;33,58396149;672,5775757;31,29999924;4,699999809;26,59999847;10,25;25,06666565
E;23,198022;37,292362;17,87083244;25,81666565;10,91666698;483;85;5;74,02424622;233;19;19;183;7,925000191;32,61317062;622,5915527;31,60000038;7,300000191;24,29999924;12,4333334;25,81666565
E;23,22968;38,810413;16,63333321;25,23333359;8,883333206;505;81;8;57,6456604;209;36;36;202;8;31,12840271;671,4175415;30,70000076;5;25,70000076;10,44999981;25,23333359
E;23,241806;41,256231;14,38749981;24,14999962;4,75;460;55;24;22,17272758;146;83;96;116;10,57499981;33,35962296;786,5029907;31,39999962;-0,300000012;31,69999886;9,733333588;23,41666603
E;23,244708;41,12015;14,32499981;24,08333397;4,650000095;448;55;23;23,57905388;145;79;92;116;10,26666641;32,69639206;787,2925415;31,20000076;-0,200000003;31,40000153;9,666666985;23,33333397
E;23,259951;41,459408;13,9416666;24,11666679;3,833333492;463;53;26;20,59326553;141;90;106;113;11,58333302;34,3719101;820,6422729;32,20000076;-1,5;33,70000076;8,899999619;23,29999924
E;23,313305;40,103102;15,70833302;24,89999962;7,150000095;427;58;17;36,30979919;158;58;61;133;8,733333588;31,4148674;724,2733765;30,89999962;3,099999905;27,79999924;11,89999962;24,23333359
E;23,315448;42,670568;9,941666603;19,45000076;0,233333394;625;80;33;28,90044403;222;110;196;110;11,08333302;34,8532486;782,8526611;27,20000076;-4,599999905;31,80000114;17,68333244;0,233333394
E;23,320038;40,214008;15,69583321;24,73333359;7,299999714;429;57;18;34,0284462;155;60;65;131;8,225000381;30,4629631;713,9915161;30,5;3,5;27;11,96666718;24,13333321
E;23,333257;39,163683;17,01250076;25,60000038;9,283332825;473;71;11;52,38500595;190;41;41;180;6,425000191;26,88284492;668,7033691;30;6,099999905;23,89999962;13,94999981;25,60000038
E;23,335011;37,614777;15,66250038;23,96666718;8,416666985;524;90;8;67,49128723;240;29;29;198;8,191666603;32,37812805;648,2252808;30;4,699999809;25,29999924;9,949999809;23,96666718
E;23,355253;37,999708;17,47500038;26,29999924;9,666666985;475;80;7;64,75519562;208;28;28;196;9,416666985;34,11835861;690,2716675;33;5,400000095;27,60000038;11,19999981;26,29999924
E;23,39173;41,523026;12,25;21,88333321;2,650000095;501;54;30;18,84918785;145;100;120;121;10,85000038;34,22713089;780,0057983;29,39999962;-2,299999952;31,69999886;16,16666603;21,18333435
E;23,456313;37,690792;17,76250076;25,89999962;10,60000038;425;73;6;69,63101959;196;21;21;158;7,525000095;30,84016609;638,1939087;31,29999924;6,900000095;24,39999962;12,23333359;25,89999962
E;23,485326;39,165499;17,79583359;26,39999962;10,14999962;456;70;10;54,27182007;187;38;38;179;5,191666603;22,87077904;665,6898193;29,89999962;7,199999809;22,70000076;11,64999962;26,39999962
E;23,548382;41,086435;14,625;24,43333435;5,050000191;476;59;21;26,40820313;157;78;94;131;10,41666698;33,28008652;785,9750977;31,5;0,200000003;31,29999924;9,983333588;23,64999962
E;23,617848;40,8822;14,51666641;24,16666794;5,066666603;467;61;18;30,87640953;162;70;85;137;9,966666222;32,67759705;774,5330811;31;0,5;30,5;10,09999943;23,41666603
E;23,62376;40,228729;15,77083302;25;7,216666698;445;60;16;37,29402161;165;58;65;144;8,508333206;30,71600342;725,2694092;31;3,299999952;27,70000076;8,616666794;24,31666565
E;23,625375;39,173289;16,0625;24,39999962;8,666666985;479;74;11;54,33501053;198;41;41;192;5,524999619;24,77578354;646,6069946;28,10000038;5,800000191;22,29999924;10,16666698;24,39999962
E;23,635458;38,517618;16,9375;25,46666718;9,25;464;80;7;63,67124939;203;28;28;200;8,691666603;33,17430115;669,0023804;31,39999962;5,199999809;26,20000076;10,80000019;25,46666718
E;23,662294;38,046921;16,4375;25,26666641;8,616666794;482;82;8;63,85756683;210;29;29;204;9,074999809;33,48708344;689,4830933;31,79999924;4,699999809;27,09999847;10,11666679;25,26666641
E;23,69127;39,931334;15,99166679;24,83333397;7,983333588;447;60;14;42,71385193;171;53;55;154;6,983333111;27,82204628;689,8116455;29,79999924;4,699999809;25,09999847;9,399999619;24,20000076
E;23,743566;37,885787;17,90416718;26,45000076;10,36666679;386;63;7;67,18377686;169;21;21;157;7,791666508;30,67585182;668,769104;32;6,599999905;25,39999962;11,88333321;26,45000076
E;23,748902;40,219035;15,77499962;24,85000038;7,483333111;449;62;14;41,05960464;173;54;61;152;7,666666508;29,15082359;710,244812;30,29999924;4;26,29999924;8,916666985;24,20000076
E;23,780273;40,590959;14,73750019;23,75;6,099999905;470;64;15;37,56004715;176;61;72;151;7,425000191;28,23194122;716,90979;28,79999924;2,5;26,29999924;7,566666603;23,10000038
E;23,797465;40,098136;15,6875;24,61666679;7,466666698;452;61;14;41,53087616;174;54;59;155;7,391666889;28,64986992;699,9484253;29,70000076;3,900000095;25,80000114;8,933333397;23,93333435
E;23,812378;38,401097;17,27083397;25,81666565;9,649999619;451;78;7;65,37614441;200;26;26;196;8,558333397;32,79055023;668,2693481;31,79999924;5,699999809;26,09999847;11,19999981;25,81666565
E;23,817378;38,010869;16,91666603;25,51666641;9,283332825;446;77;7;66,40426636;195;24;24;192;8,033332825;31,38020897;671,3667603;31,29999924;5,699999809;25,59999847;10,76666641;25,51666641
E;23,847911;35,516248;18,37916565;25,18333244;12,16666603;539;109;1;88,43801117;288;5;5;266;6,974999905;33,05687332;543,3459473;29,79999924;8,699999809;21,09999847;12,21666718;25,18333244
E;23,864195;39,144238;17,06666756;25,16666794;9,899999619;441;70;9;57,29703522;189;34;34;183;5,400000095;24,88479233;629,0444946;28,70000076;7;21,70000076;11,35000038;25,16666794
E;23,867263;37,92447;17,46249962;26,10000038;9,800000191;419;70;7;65,99850464;184;23;23;175;8,508333206;32,47455215;675,6751709;32,20000076;6;26,20000076;11,3166666;26,10000038
E;23,878095;37,798297;18,15833282;26,58333397;10,75;382;65;5;69,82568359;173;17;17;163;7,783333778;30,88624382;657,9749756;32,20000076;7;25,20000076;12,30000019;26,58333397
E;23,882407;40,164457;15,17083359;23,86666679;7,216666698;468;64;14;42,98519897;184;55;61;164;6,474999905;26,64608955;682,8265381;28,5;4,199999809;24,29999924;8,649999619;23,26666641
E;23,902188;40,375368;15,5041666;24,5;7,266666412;470;65;14;41,68421173;184;57;67;160;7,541666508;28,7849884;705,7634888;29,89999962;3,700000048;26,19999886;8,733333588;23,89999962
E;23,911084;38,494172;14,79583359;23,10000038;7,300000191;533;90;9;61,78319168;234;35;35;234;8,074999809;32,17131424;653,067749;28,79999924;3,700000048;25,09999847;7,300000191;23,10000038
E;23,968041;35,503075;18,66250038;25,5;12,45000076;541;109;1;87,89928436;287;5;5;268;6,908333302;32,89682388;544,6981201;30;9;21;12,46666718;25,5
E;23,978253;40,088828;16,09166718;24,79999924;8,199999809;456;64;12;45,9331665;184;50;55;164;6,583333492;26,87074852;680,6174927;29,5;5;24,5;9,649999619;24,18333435
E;23,97865;38,088975;17,82083321;25,93333435;10,63333321;414;72;6;68,2798233;186;20;20;181;6,991666794;29,37675095;637,1900635;31;7,199999809;23,79999924;12,1833334;25,93333435
E;24,031634;37,860556;18,06666565;26,10000038;10,98333359;389;67;5;71,05072021;180;17;17;171;6,666666508;28,61230278;630,1815796;31;7,699999809;23,29999924;12,51666641;26,10000038
E;24,138239;41,123387;14,52499962;24,06666565;5,216666698;511;67;15;36,48188019;190;69;89;160;10,05000019;33,38870239;766,1399536;30,60000038;0,5;30,10000038;6,583333492;23,31666565
E;24,192663;38,300011;17,02499962;25;9,949999809;443;78;6;68,86090851;203;22;22;203;6,833333015;29,58152962;625,3453369;29,79999924;6,699999809;23,09999847;11,46666622;25
E;24,247614;40,187078;14,96666622;23,51666641;7,016666412;483;70;12;48,32065964;200;51;56;179;6,633333206;27,18579292;674,4133301;27,89999962;3,5;24,39999962;8,583333015;22,91666603
E;24,257696;35,361789;18,48333359;25,51666641;12,03333282;560;112;1;86,36138153;293;5;5;293;7,433333397;33,63499069;559,7821655;30,5;8,399999619;22,10000038;12,03333282;25,51666641
E;24,314616;40,867153;15,17916679;24,58333397;6,466666698;530;76;11;46,23817062;218;59;75;181;7,924999714;28,81818199;738,7903442;30,29999924;2,799999952;27,5;7,966666698;23,89999962
E;24,336099;37,617233;16,52916718;24,51666641;9,516666412;464;81;5;73,40762329;218;19;19;193;6,308333397;27,54730797;623,9589844;29,29999924;6,400000095;22,89999962;11,11666679;24,51666641
E;24,378558;41,026571;13,82083321;23,23333359;4,866666794;560;72;16;37,24302292;210;73;93;179;9,108333588;31,51672363;749,8407593;29,5;0,600000024;28,89999962;6,316666603;22,63333321
E;24,412697;35,177881;18,54166603;25,28333282;12,3166666;554;114;1;87,95548248;297;5;5;274;7,049999714;33,73205566;541,4367676;29,60000038;8,699999809;20,90000153;12,39999962;25,28333282
E;24,522905;37,163185;18,45416641;25,73333359;11,91666698;395;70;1;80,36723328;198;8;8;169;4,875;24,375;573,2342529;29,29999924;9,300000191;20;13,5666666;25,73333359
E;24,593261;40,620564;15,39166641;24,78333282;6,833333492;523;76;11;48,25353241;220;56;67;190;8;28,98550606;732,7402954;30,60000038;3;27,60000038;8,399999619;24,08333397
E;24,616412;43,412205;11,48750019;21,79999924;0,699999988;573;69;36;26,35826683;203;110;183;110;10,79166698;32,21393204;860,4996948;29,10000038;-4,400000095;33,5;20,13333321;0,699999988
E;24,634156;42,19779;12,19999981;22,25;1,983333349;507;59;32;20,87046432;162;99;136;117;11,53333378;34,42786026;824,4970703;30,10000038;-3,400000095;33,5;20,45000076;17,93333244
E;24,701681;40,974331;14,84166718;24,01666641;6,016666889;541;75;13;42,6480217;214;62;79;184;9,066666603;32,26571655;734,456604;29,70000076;1,600000024;28,10000038;7,533333302;23,35000038
E;24,705971;40,775822;15,04166698;24,10000038;6,75;521;77;11;48,02375412;219;56;68;189;6,583333015;25,71614456;710,7161255;29,10000038;3,5;25,60000038;8,350000381;23,5
E;24,749381;41,095984;14,22083378;23,63333321;5,400000095;549;74;16;37,11791611;206;71;90;179;8,625;30,26315689;744,8442993;29,70000076;1,200000048;28,5;6,900000095;22,98333359
E;24,751821;42,149651;12,46249962;22,61666679;2,266666651;509;60;31;22,47000885;163;95;135;121;11,125;33,40840912;827,3592529;30,29999924;-3;33,29999924;20,81666565;18,11666679
E;24,810571;35,046223;18,73333359;25,79999924;12,30000019;529;108;1;86,91890717;285;5;5;258;8,266666412;36,41703415;563,6300049;31;8,300000191;22,70000076;12,3166666;25,79999924
E;24,872521;42,008576;12,09583378;21,96666718;2,166666746;534;59;32;19,8245697;165;102;136;131;10,67500019;33,04953766;805,3612061;29,39999962;-2,900000095;32,29999924;16,45000076;17,73333359
E;24,906816;35,15568;14,59583282;21,91666603;7,916666508;1014;209;2;84,1521759;539;20;20;489;7,608333111;33,51688766;584,0005493;27;4,300000191;22,70000076;7,933333397;21,91666603
E;24,961662;35,061492;17,95833397;25,16666603;11,44999981;600;121;1;84,8735733;319;8;8;319;8,266667366;35,94203186;573,2991943;30,5;7,5;23;11,44999981;25,16666603
E;25,133523;35,338519;18,625;25,21666718;12,5666666;494;93;1;83,39929199;250;5;5;229;6,633333206;33,00165558;527,6254883;29,20000076;9,100000381;20,10000038;12,66666698;25,21666718
E;25,254364;37,033856;18,33749962;24,68333244;12,55000019;406;71;1;83,23858643;205;7;7;190;4,858333111;27,14152718;506,9432678;27,89999962;10;17,89999962;12,61666679;24,68333244
E;25,281669;35,332658;18,67916679;25,33333397;12,5666666;484;93;1;83,58851624;249;5;5;225;6,858333588;33,45528793;533,7962646;29,60000038;9,100000381;20,5;12,66666698;25,33333397
E;25,310113;42,131916;12,51666641;22,64999962;2,183333397;543;59;33;18,13980103;161;108;134;135;11,88333321;34,84848404;830,3321533;30,70000076;-3,400000095;34,10000229;16,93333435;18,39999962
E;25,398146;42,625153;11,27916622;21,18333244;1,333333254;601;72;39;22,82090759;200;124;175;127;11,79166698;35,51707077;805,5276489;28,79999924;-4,400000095;33,20000076;19,33333397;2,683333158
E;25,41219;41,089528;14,22083378;23,68333435;5,266666889;554;78;17;38,61846924;206;69;82;185;10,125;33,52648926;752,2888184;30,70000076;0,5;30,20000076;6,716666698;23,01666641
E;25,4301;35,228845;17,15833282;23,93333244;10,94999981;618;120;2;81,66278839;318;9;9;284;6,949999809;32,93838882;543,3223877;28,5;7,400000095;21,10000038;11,01666641;23,93333244
E;25,521363;35,307466;18,52083397;25,25;12,4333334;500;100;1;85,67495728;267;5;5;237;6,425000191;31,49509811;535,6918335;29,39999962;9;20,39999962;12,5666666;25,25
E;25,528353;40,50158;14,9375;23,71666718;6,966666698;557;94;11;56,62126541;248;52;53;229;7,091666698;27,81045723;690,9220581;29;3,5;25,5;8,533332825;23,21666718
E;25,705088;42,453621;12,08749962;22;2,233333349;587;66;38;18,62641716;184;122;154;133;11,07499981;33,97239304;800,2645264;29,29999924;-3,299999952;32,59999847;16,29999924;17,71666718
E;25,71332;35,219022;18,78333282;25,70000076;12,60000038;524;108;1;87,11402893;286;5;18;252;6,616666794;31,65869141;548,7478638;30,10000038;9,199999809;20,90000153;12,75;25,66666603
E;25,742572;40,127992;15,1291666;23,71666718;7,333333492;625;114;10;64,90315247;295;45;45;286;7,141666412;28,33994675;677,4365234;29;3,799999952;25,20000076;8,883333206;23,71666718
E;25,932619;39,135307;16,625;24,95000076;9,183333397;533;105;4;78,28955841;274;19;19;274;8,616666794;33,52788544;656,3275757;30,79999924;5,099999905;25,69999886;9,183333397;24,95000076
E;25,965778;39,267506;16,04166603;24,16666603;8,783333778;545;108;5;77,60978699;280;22;22;233;8,133333206;32,66399002;640,0526733;29,89999962;5;24,89999962;8,800000191;24,16666603
E;25,985463;35,038434;19,02499962;26,14999962;12,71666718;514;111;1;90,16371918;293;4;17;252;7,233332634;33,02891922;560,4199219;30,89999962;9;21,89999962;12,85000038;26,03333282
E;26,039455;44,35282;10,40833282;20,88333321;-0,866666675;569;76;29;32,47182846;210;93;196;95;11,28333282;32,99220276;884,2120972;28,20000076;-6;34,20000076;19,28333282;0,966666758
E;26,067947;44,47056;10,66666698;21,28333282;-0,466666698;576;78;28;34,48040771;217;92;203;93;10,98333359;32,30392075;883,8457642;28,70000076;-5,300000191;34;19,66666603;1,249999881
E;26,087993;35,182756;18,72500038;25,64999962;12,53333378;556;118;1;86,53926849;303;6;19;269;6,883333683;32,31612015;549,6176147;30,29999924;9;21,29999924;12,63333321;25,61666679
E;26,209336;39,235732;16,54999924;25,16666794;8,783333778;587;115;5;76,94423676;296;22;22;296;9,300000191;34,06593323;678,8392334;31,70000076;4,400000095;27,30000114;10,28333378;25,16666794
E;26,311306;39,057667;14,54166698;22,88333321;6,916666508;645;125;5;76,48318481;325;24;24;325;8,333333015;32,29973984;662,4295044;28,70000076;2,900000095;25,80000114;6,916666508;22,88333321
E;26,322869;42,681654;12,39999962;22,16666603;2,733333349;605;67;40;17,87261581;189;128;160;134;9,550000191;31,31147575;789,2286377;28,60000038;-1,899999976;30,5;16,31666565;3,733333349
E;26,404823;39,144608;16,13333321;24,66666603;8,399999619;617;123;4;80,38468933;318;19;19;316;8,883333206;33,27091217;672,5167236;30,89999962;4,199999809;26,70000076;9,883333206;24,66666603
E;26,468941;42,620148;12,64166641;22,54999924;2,766666651;580;61;39;16,06192017;175;124;145;133;10,75;33,4890976;803,0788574;29,79999924;-2,299999952;32,09999847;16,61666679;21,85000038
E;26,491039;42,483693;12,6833334;22,68333435;2,733333349;577;60;37;16,87792778;172;118;139;136;10,73333359;33,12757111;808,8075562;30,20000076;-2,200000048;32,40000153;16,66666603;21,95000076
E;26,522366;39,155729;16,63750076;25,03333282;9,016666412;619;124;4;81,94749451;324;17;17;317;8,725000381;33,17490387;662,3962402;31,20000076;4,900000095;26,30000114;10,46666622;25,03333282
E;26,576538;39,060784;16,20416641;24,58333397;8,566666603;638;128;4;81,88358307;332;18;18;329;8,591667175;32,91826248;661,8309937;30,70000076;4,599999905;26,10000038;10,03333282;24,58333397
E;26,726361;39,346755;16,5;25,04999924;8,699999809;633;132;5;81,68008423;336;22;22;324;9,133333206;33,95291138;675,6949463;31,39999962;4,5;26,89999962;10,14999962;25,04999924
E;26,820181;42,384607;12,13333321;21,83333397;2,566666842;584;62;35;16,91827011;168;114;131;143;10,80000019;33,96226501;785,1963501;29,5;-2,299999952;31,79999924;7,916666508;21,23333359
E;27,083735;42,43806;12,48333359;22,08333397;3,083333254;568;62;34;16,93138313;167;112;126;137;10,69999981;33,96825409;777,9557495;29,70000076;-1,799999952;31,5;8,416666985;21,63333321
E;27,163641;45,046351;10,8125;21,60000038;-0,51666671;492;69;23;34,50327682;182;76;175;77;10,49166679;30,9488678;899,8563843;28,70000076;-5,199999809;33,90000153;19,91666794;1,183333278
E;27,177749;36,811433;19,20416641;27,16666603;12,03333282;715;158;1;94,94733429;426;10;10;426;8,225000381;33,29959869;628,7088623;33,09999847;8,399999619;24,69999886;12,03333282;27,16666603
E;27,253184;36,893455;19,20000076;27,06666565;12,14999962;714;157;1;95,49007416;428;11;11;428;8,199999809;33,46938705;620,4837036;33;8,5;24,5;12,14999962;27,06666565
E;27,335456;44,188059;11,46666622;21,85000038;0,666666627;487;62;25;25,58317757;159;83;154;83;10,46666718;31,91057014;860,793335;29;-3,799999952;32,79999924;20,25;0,666666627
E;27,382311;43,372647;10,6208334;20,16666603;0,916666746;541;63;35;17,27230072;163;109;152;118;10,00833321;32,38942719;786,3189697;26,89999962;-4;30,89999962;14,53333378;1,866666794
E;27,480334;42,504412;12,59583282;22,08333206;3,566666603;539;62;31;19,06450844;163;107;114;126;8,574999809;29,87804794;761,7039795;28,20000076;-0,5;28,70000076;8,833333015;21,58333397
E;27,616264;42,567205;12,6875;22,10000038;3,783333302;530;60;31;17,88327217;161;107;112;128;8,741666794;30,56526756;754,3242798;28,10000038;-0,5;28,60000038;9,083333015;21,63333321
E;27,677788;42,4117;12,82916641;21,91666603;4,433333397;531;63;29;20,84058952;170;100;104;138;7,574999809;28,4774437;726,9127197;27,29999924;0,699999988;26,59999847;9,716667175;21,56666565
E;27,873117;40,398815;13,8125;22,20000076;6,016666412;682;115;16;54,71807861;300;62;62;282;7,974999905;31,52173805;673,0396729;27,29999924;2;25,29999924;7,699999809;22,20000076
E;27,882608;42,826423;12,27916622;21,29999924;3,733333349;510;58;32;15,72961235;152;107;112;129;7,825000286;29,19776154;725,0029907;26,60000038;-0,200000003;26,80000114;8,983333588;20,88333321
E;27,906921;43,178166;12,00833321;21,35000038;3,083333492;492;52;33;13,11981201;139;111;120;119;7,916666508;28,58002472;750,6022949;26,79999924;-0,899999976;27,69999886;8,483333588;3,549999952
E;28,013706;43,237595;11,97083378;21,26666641;3,166666746;490;53;33;13,04659939;139;111;119;120;7,641666889;28,19803238;745,8535767;26,5;-0,600000024;27,10000038;8,5;20,75
E;28,150163;36,411817;18,98749924;25,91666603;12,64999962;746;153;1;92,70424652;424;8;8;424;7,041666508;33,05946732;557,8942871;30,5;9,199999809;21,29999924;12,64999962;25,83333397
E;28,246678;43,405568;12,01666641;21,56666565;2,833333492;483;53;34;13,87336159;136;106;122;113;8,100000381;28,62190819;767,5709229;27;-1,299999952;28,29999924;8,283332825;3,466666698
E;28,485609;41,02216;13,59583378;22,10000038;5,700000286;660;104;22;47,14728546;277;80;80;211;8,141666412;31,55684662;680,5427856;27,70000076;1,899999976;25,80000114;7,533333302;22,10000038
E;28,587016;43,562076;12,22500038;21,80000114;3,066666603;464;54;34;14,94673443;137;103;114;111;7,366666794;26,78787804;770,2965698;26,70000076;-0,800000012;27,5;8,533333778;3,666666746
E;28,641949;44,089395;11,96249962;21,93333435;2,266666651;418;47;27;17,8030262;118;84;114;85;7,824999809;26,79794502;804,4058228;27,29999924;-1,899999976;29,19999886;15,53333282;3,050000191
E;28,773251;44,54676;11,52083302;22,04999924;1,200000048;408;48;24;19,41634369;122;79;118;79;7,675000191;25,33003426;847,854126;27,5;-2,799999952;30,29999924;19,85000038;1,200000048
E;28,803295;41,110138;13,82083321;22,35000038;6;712;111;24;45,99984741;293;90;90;223;8,308333397;32,07850647;677,949646;28,20000076;2,299999952;25,90000153;7,799999714;22,35000038
E;28,823639;40,96191;14,52499962;23,10000038;6,650000095;691;108;24;46,67618179;285;85;85;217;8,133333206;31,40283203;680,9135132;28,79999924;2,900000095;25,89999962;8,433333397;23,10000038
E;28,832713;45,343294;10,96249962;21,45000076;0,433333427;451;59;26;24,37483788;149;90;141;90;9,741666794;30,06687164;855,6021729;28,20000076;-4,199999809;32,40000153;19,81666756;1,466666698
E;29,029539;41,063464;14,14999962;22,48333359;6,433333397;725;113;25;45,81939316;297;91;91;225;7,666666508;30,66666603;664,09198;27,89999962;2,900000095;25;8,316666603;22,48333359
E;29,068268;40,965881;14,45416641;22,85000038;6,666666508;706;109;24;46,83372116;287;85;85;220;7,741666794;30,72089958;669,3635254;28,29999924;3,099999905;25,19999886;8,533333778;22,85000038
E;29,075761;41,207747;13,41666698;21,33333397;5,900000095;758;120;26;46,47298813;313;98;100;232;6,866666794;29,34472847;637,774292;26;2,599999905;23,39999962;7,983333588;19,06666756
E;29,184269;41,024467;13,82916641;22,20000076;6,033333302;750;116;28;45,05798721;303;97;97;231;8,208333015;32,06380081;668,7962646;27,89999962;2,299999952;25,60000038;7,916666508;22,20000076
E;29,414892;46,297381;9,529166222;19,98333359;-1,23333323;530;65;23;27,7951107;183;104;178;114;8,941666603;28,03030205;864,3664551;26,20000076;-5,699999809;31,90000153;18,39999962;-0,349999934
E;29,430017;40,640699;13,80000019;22,18333435;6,083333492;674;96;25;40,96184158;259;85;85;248;9,283333778;34,63930511;668,369812;28,60000038;1,799999952;26,80000114;7,766666412;22,18333435
E;29,475021;46,826146;9,870833397;20,5;-1,166666627;512;69;26;30,74528122;188;99;179;108;8,225000381;26,27795601;883,6275024;26,10000038;-5,199999809;31,29999924;18,98333359;-0,166666642
E;29,596174;45,400297;11,1291666;20,98333359;1,333333373;372;49;22;25,31758499;123;71;123;75;6,875;24,37943268;804,8220215;25,60000038;-2,599999905;28,20000076;20,98333359;1,916666627
E;29,603825;44,892988;11,5583334;21,66666603;1,716666579;346;43;21;21,62103653;109;68;109;70;6,316666603;22,55952454;816,1156006;26;-2;28;21,66666603;2,466666698
E;30,060305;46,860863;9,095833778;20,04999924;-2,233333349;504;67;26;28,79147911;179;102;172;114;8,125;25,39062309;909,1890869;25,70000076;-6,300000191;32;18,38333321;3
E;30,130564;46,292914;9,804166794;20,38333321;-0,883333325;468;54;25;22,68860435;149;96;147;112;7,791666508;25,13440895;866,5617676;26;-5;31;18,63333321;-0,116666637
E;30,272115;46,397051;9,754166603;20,29999924;-0,916666627;474;55;25;22,12223434;151;98;147;113;7,558333397;24,54004288;864,263916;25,60000038;-5,199999809;30,79999924;18,56666756;-0,149999961
E;30,385373;46,275325;9,791666985;20,5;-0,899999976;464;53;27;20,54648781;146;95;143;108;7,666666508;24,65166092;871,8757935;26,10000038;-5;31,10000038;18,58333397;-0,150000021
E;30,451992;46,061661;10,11250019;20,31666756;-0,03333335;421;47;26;19,46989441;129;87;128;99;5,625;20,01779366;833,0505981;24,60000038;-3,5;28,10000038;18,45000076;0,466666639
E;30,464028;50,626843;7,791666508;18,53333282;-3,200000048;596;85;31;32,82528687;221;105;221;119;6,81666708;22,64673233;894,0786133;23,20000076;-6,900000095;30,10000038;18,53333282;-2,266666651
E;30,474393;50,387062;7,858333111;18,68333435;-3,266666651;620;86;34;32,41863632;227;110;227;121;7,716666698;24,81243324;902,2719727;24;-7,099999905;31,10000038;18,68333435;-2,166666746
E;30,578319;46,830109;9,829166412;20,88333321;-1,333333373;472;58;27;22,8787384;155;98;152;109;8,375;25,92879486;905,923584;26,79999924;-5,5;32,29999924;18,98333359;-0,416666657
E;30,583991;46,611828;9,854166985;20,58333397;-0,883333325;462;54;27;20,77857018;147;95;143;107;6,891666412;22,82008743;876,9483643;25,60000038;-4,599999905;30,20000076;18,63333321;3,566666603
E;30,587864;46,213738;10,16250038;20,71666718;-0,183333337;436;48;27;19,1912365;132;90;132;102;7,108333588;23,77369118;854,1586304;26;-3,900000095;29,89999962;18,63333321;0,416666657
E;30,648729;46,695279;9,954166412;20,95000076;-1,033333302;460;55;26;22,06646919;148;94;146;106;7,675000191;24,44267464;896,4207764;26,5;-4,900000095;31,39999962;18,96666718;3,75
E;30,715468;46,595274;9,854166985;20,75;-0,983333349;450;52;25;20,91162109;142;93;140;104;7,05833292;22,99131393;886,6290894;25,89999962;-4,800000191;30,70000076;18,71666718;-0,200000063
E;30,770794;46,449911;10,3125;21,01666641;-0,116666652;440;48;28;17,94677925;133;92;130;103;6,608333588;22,25028038;863,2605591;26,10000038;-3,599999905;29,70000076;18,96666718;0,550000012
E;30,837647;46,553755;9,908333778;20,64999962;-0,716666698;444;49;27;18,47224617;137;93;135;103;7,333333492;24,04371643;872,4907837;26;-4,5;30,5;18,63333321;0,016666658
E;30,9536;48,032893;9,233333588;20,46666718;-2,266666651;509;65;28;27,68201828;177;96;177;128;8,899999619;26,96969795;922,5171509;26,79999924;-6,199999809;33;20,46666718;9,75
E;31,018492;46,920662;9,941666603;20,98333359;-1,166666627;444;54;24;23,18723679;146;91;144;104;7,666666508;24,41613579;905,0158691;26,5;-4,900000095;31,39999962;19,10000038;3,766666651
E;31,235031;51,519614;6,954166889;18,10000038;-4,383333206;597;83;33;32,22607422;225;108;225;123;8,425000191;26,08359146;922,6135254;24,10000038;-8,199999809;32,29999924;18,10000038;1,183333397
E;31,637454;47,360288;9,616666794;20,83333397;-1,700000048;456;58;27;25,71086121;156;89;155;99;9,300000191;28,26747704;920,998291;27,29999924;-5,599999905;32,89999771;19,06666565;-0,700000048
E;31,673474;46,475397;10,3791666;21,53333282;-0,583333313;368;41;23;17,67669106;110;76;110;93;8,391666412;26,06107521;903,826355;27,70000076;-4,5;32,20000076;19,60000038;4,099999905
E;31,901215;46,936389;10,19999981;21,79999924;-1,333333373;428;51;25;23,06362724;140;84;138;93;9,600000381;28,07017517;945,5493774;28,79999924;-5,400000095;34,20000076;19,86666679;-0,266666681
E;32,042673;46,9493;10,09166718;21,63333321;-1,366666675;437;51;27;22,34488869;144;85;139;93;9,300000191;27,5147934;939,2885132;28,29999924;-5,5;33,79999924;19,78333282;-0,316666692
E;32,176449;46,453843;10,40833378;21,70000076;-0,616666615;386;42;23;18,57876015;116;77;115;93;9,266666412;27,99597168;910,434021;28,5;-4,599999905;33,09999847;19,78333282;4,199999809
E;32,291271;46,123673;10,36250019;21,18333435;-0,083333351;379;39;24;16,05207825;108;79;108;96;8,425000191;27,17741776;868,5518799;27,20000076;-3,799999952;31;21,18333435;4,150000095
E;32,810585;47,082719;9,391666412;20,85000038;-1,966666698;436;53;25;21,86050034;144;85;140;95;10,03333282;29,08212662;931,7696533;28,29999924;-6,199999809;34,5;18,95000076;-0,899999976
E;32,889442;46,111436;10,38333321;21,16666603;0,033333302;395;39;26;13,912323;110;83;110;97;8,716667175;27,76008415;861,9779663;27,5;-3,900000095;31,39999962;21,16666603;4,316666603
E;33,287734;47,30572;9,266666412;20,61666679;-2,116666794;446;56;25;22,67227936;148;91;142;105;9,466666222;27,92527008;926,7644653;27,79999924;-6,099999905;33,89999771;18,83333397;-1,066666722
E;33,292981;46,082291;10,27083302;21;-0,066666685;393;40;25;15,58278847;110;82;109;98;7,774999619;25,32573318;858,7794189;26,79999924;-3,900000095;30,69999886;19,91666603;4,133333206
E;33,334346;47,903291;9,175000191;20,70000076;-2,5;463;61;25;25,31955338;156;94;152;111;8,933333397;26,35201645;951,4212036;27,5;-6,400000095;33,90000153;19,20000076;-1,316666603
E;33,336552;46,784695;9,695833206;20,79999924;-1,183333278;421;49;25;18,85038948;134;84;129;95;8,774999619;26,83486176;897,9736328;27,5;-5,199999809;32,70000076;18,91666603;-0,399999976
E;33,74479;46,299529;10,19583321;21,54999924;-0,74999994;399;46;26;17,65595055;125;81;120;90;10,1916666;29,71331406;908,1911621;29,10000038;-5,199999809;34,29999924;19,53333282;0,033333421
E;33,966641;47,660945;9,358333588;20,86666679;-2,383333206;456;56;26;22,21923447;150;93;144;110;9,649999619;28,1341095;952,114502;27,70000076;-6,599999905;34,29999924;19,21666718;3,133333445
E;34,629088;47,704645;9,529166222;21,16666603;-2,299999952;475;54;27;20,33165359;151;99;144;121;9,475000381;27,5436039;960,8435059;28;-6,400000095;34,40000153;19,46666718;3,299999952
E;34,859528;48,531505;8,929166794;20,71666718;-3,049999952;507;59;32;17,80428696;157;104;155;118;8,074999809;24,2492485;974,6105347;26,60000038;-6,699999809;33,29999924;19,21666718;2,766666651
E;35,0526;47,864158;9,3125;21,03333282;-2,466666698;486;56;29;20,61358452;151;98;142;130;8,675000191;25,81845284;963,3656006;27,60000038;-6;33,59999847;19,39999962;15,39999962
E;35,067814;46,104528;10,34583378;21,85000038;-0,633333325;378;41;26;12,3426075;106;87;105;94;7,941666603;23,99295044;918,574646;28,20000076;-4,900000095;33,10000229;19,71666718;3,516666651
E;35,104202;47,188419;9,070833206;20,56666565;-2,599999905;455;52;24;21,23068047;145;88;134;118;9,608333588;27,85024261;942,6063232;27,89999962;-6,599999905;34,5;18,88333321;15,01666641
E;35,178493;46,601693;9,75;21,29999924;-1,616666675;411;48;25;17,78328705;126;87;123;102;9,133333206;26,86274529;929,3570557;28,29999924;-5,699999809;34;19,48333359;3,150000095
E;35,222541;47,800471;9,1875;21,10000038;-2,866666555;479;55;27;21,87111092;151;95;142;128;9,208333015;26,46072769;980,3991089;28,10000038;-6,699999809;34,79999924;19,46666718;15,30000019
E;35,28644;46,702705;9,491666794;20,89999962;-1,950000048;426;49;26;18,26691628;132;90;126;107;8,599999428;25,6716423;924,9811401;27,5;-6;33,5;19,20000076;2,983333349
E;35,297611;46,555787;9,679166794;21,08333397;-1,566666722;407;45;24;16,26799583;121;89;119;103;7,725000381;23,62385368;918,376709;27,20000076;-5,5;32,70000076;19,23333359;3,083333254
E;35,640437;46,730495;9,666666985;21,28333282;-1,816666722;437;51;26;19,78641891;136;91;130;112;8,933333397;25,89372063;935,213501;28,10000038;-6,400000095;34,5;19,08333397;3,049999952
E;32,994572;46,02389;10,53333378;21,26666641;0,300000012;383;39;25;15,29766083;108;81;106;98;7,883333683;25,8469944;856,6460571;27,10000038;-3,400000095;30,5;20,26666641;4,25
E;34,782858;46,068554;10,41666698;21,93333435;-0,583333373;375;41;27;11,83512783;106;86;102;92;6,866666794;21,39148521;921,4177246;27,70000076;-4,400000095;32,10000229;19,86666679;16,64999962
N;81,0975;43,96472;8,833333015;22,75;-8,066666603;245;29;14;24,58342361;80;46;66;50;13,40000057;27,74327278;1250,296875;31,39999962;-16,89999962;48,29999924;17,51666641;-5,216666698
N;81,26409546;43,93510422;8,820833206;22,85000038;-8,183333397;251;29;14;23,62538147;81;49;65;54;13,40833378;27,64604759;1259,796997;31,39999962;-17,10000038;48,5;17,60000038;-5,300000191
